{
	"numNodes" : 40,
	"config" : [ 		{
			"x" : 0.963218390804598,
			"y" : 0.125295508274232,
			"midiNote" : 68
		}
, 		{
			"x" : 0.880459770114942,
			"y" : 0.33806146572104,
			"midiNote" : 62
		}
, 		{
			"x" : 0.802298850574713,
			"y" : 0.434988179669031,
			"midiNote" : 64
		}
, 		{
			"x" : 0.967816091954023,
			"y" : 0.652482269503546,
			"midiNote" : 73
		}
, 		{
			"x" : 0.864367816091954,
			"y" : 0.191489361702128,
			"midiNote" : 59
		}
, 		{
			"x" : 0.967816091954023,
			"y" : 0.865248226950355,
			"midiNote" : 75
		}
, 		{
			"x" : 0.891954022988506,
			"y" : 0.806146572104019,
			"midiNote" : 72
		}
, 		{
			"x" : 0.827586206896552,
			"y" : 0.971631205673759,
			"midiNote" : 76
		}
, 		{
			"x" : 0.505747126436782,
			"y" : 0.127659574468085,
			"midiNote" : 49
		}
, 		{
			"x" : 0.501149425287356,
			"y" : 0.354609929078014,
			"midiNote" : 54
		}
, 		{
			"x" : 0.501149425287356,
			"y" : 0.236406619385343,
			"midiNote" : 51
		}
, 		{
			"x" : 0.508045977011494,
			"y" : 0.48936170212766,
			"midiNote" : 56
		}
, 		{
			"x" : 0.813793103448276,
			"y" : 0.052009456264775,
			"midiNote" : 57
		}
, 		{
			"x" : 0.795402298850575,
			"y" : 0.274231678486998,
			"midiNote" : 60
		}
, 		{
			"x" : 0.894252873563218,
			"y" : 0.501182033096927,
			"midiNote" : 65
		}
, 		{
			"x" : 0.811494252873563,
			"y" : 0.58628841607565,
			"midiNote" : 67
		}
, 		{
			"x" : 0.88735632183908,
			"y" : 0.695035460992908,
			"midiNote" : 69
		}
, 		{
			"x" : 0.804597701149425,
			"y" : 0.75886524822695,
			"midiNote" : 71
		}
, 		{
			"x" : 0.839080459770115,
			"y" : 0.884160756501182,
			"midiNote" : 74
		}
, 		{
			"x" : 0.970114942528736,
			"y" : 0.416075650118203,
			"midiNote" : 70
		}
, 		{
			"x" : 0.508045977011494,
			"y" : 0.595744680851064,
			"midiNote" : 58
		}
, 		{
			"x" : 0.508045977011494,
			"y" : 0.704491725768322,
			"midiNote" : 61
		}
, 		{
			"x" : 0.517241379310345,
			"y" : 0.813238770685579,
			"midiNote" : 63
		}
, 		{
			"x" : 0.512643678160919,
			"y" : 0.92434988179669,
			"midiNote" : 66
		}
, 		{
			"x" : 0.032183908045977,
			"y" : 0.037825059101655,
			"midiNote" : 37
		}
, 		{
			"x" : 0.250574712643678,
			"y" : 0.08274231678487,
			"midiNote" : 36
		}
, 		{
			"x" : 0.04367816091954,
			"y" : 0.167848699763593,
			"midiNote" : 39
		}
, 		{
			"x" : 0.241379310344828,
			"y" : 0.226950354609929,
			"midiNote" : 38
		}
, 		{
			"x" : 0.151724137931034,
			"y" : 0.295508274231678,
			"midiNote" : 40
		}
, 		{
			"x" : 0.252873563218391,
			"y" : 0.361702127659574,
			"midiNote" : 41
		}
, 		{
			"x" : 0.252873563218391,
			"y" : 0.49645390070922,
			"midiNote" : 43
		}
, 		{
			"x" : 0.036781609195402,
			"y" : 0.442080378250591,
			"midiNote" : 42
		}
, 		{
			"x" : 0.250574712643678,
			"y" : 0.978723404255319,
			"midiNote" : 53
		}
, 		{
			"x" : 0.241379310344828,
			"y" : 0.761229314420804,
			"midiNote" : 48
		}
, 		{
			"x" : 0.022988505747126,
			"y" : 0.950354609929078,
			"midiNote" : 46
		}
, 		{
			"x" : 0.239080459770115,
			"y" : 0.891252955082742,
			"midiNote" : 52
		}
, 		{
			"x" : 0.135632183908046,
			"y" : 0.836879432624113,
			"midiNote" : 50
		}
, 		{
			"x" : 0.252873563218391,
			"y" : 0.633569739952719,
			"midiNote" : 47
		}
, 		{
			"x" : 0.144827586206897,
			"y" : 0.57210401891253,
			"midiNote" : 45
		}
, 		{
			"x" : 0.025287356321839,
			"y" : 0.721040189125296,
			"midiNote" : 44
		}
 ]
}
