{
	"numNodes" : 40,
	"config" : [ 		{
			"x" : 0.806896551724138,
			"y" : 0.047281323877069,
			"midiNote" : 68
		}
, 		{
			"x" : 0.811494252873563,
			"y" : 0.141843971631206,
			"midiNote" : 62
		}
, 		{
			"x" : 0.809195402298851,
			"y" : 0.236406619385343,
			"midiNote" : 64
		}
, 		{
			"x" : 0.811494252873563,
			"y" : 0.33096926713948,
			"midiNote" : 73
		}
, 		{
			"x" : 0.910344827586207,
			"y" : 0.486997635933806,
			"midiNote" : 59
		}
, 		{
			"x" : 0.813793103448276,
			"y" : 0.624113475177305,
			"midiNote" : 75
		}
, 		{
			"x" : 0.816091954022989,
			"y" : 0.716312056737589,
			"midiNote" : 72
		}
, 		{
			"x" : 0.933333333333333,
			"y" : 0.895981087470449,
			"midiNote" : 76
		}
, 		{
			"x" : 0.52183908045977,
			"y" : 0.860520094562648,
			"midiNote" : 49
		}
, 		{
			"x" : 0.517241379310345,
			"y" : 0.765957446808511,
			"midiNote" : 54
		}
, 		{
			"x" : 0.519540229885057,
			"y" : 0.652482269503546,
			"midiNote" : 51
		}
, 		{
			"x" : 0.512643678160919,
			"y" : 0.550827423167849,
			"midiNote" : 56
		}
, 		{
			"x" : 0.908045977011494,
			"y" : 0.274231678486998,
			"midiNote" : 57
		}
, 		{
			"x" : 0.818390804597701,
			"y" : 0.42789598108747,
			"midiNote" : 60
		}
, 		{
			"x" : 0.811494252873563,
			"y" : 0.531914893617021,
			"midiNote" : 65
		}
, 		{
			"x" : 0.924137931034483,
			"y" : 0.66193853427896,
			"midiNote" : 67
		}
, 		{
			"x" : 0.822988505747126,
			"y" : 0.801418439716312,
			"midiNote" : 69
		}
, 		{
			"x" : 0.829885057471264,
			"y" : 0.886524822695035,
			"midiNote" : 71
		}
, 		{
			"x" : 0.829885057471264,
			"y" : 0.966903073286052,
			"midiNote" : 74
		}
, 		{
			"x" : 0.528735632183908,
			"y" : 0.952718676122931,
			"midiNote" : 70
		}
, 		{
			"x" : 0.512643678160919,
			"y" : 0.42789598108747,
			"midiNote" : 58
		}
, 		{
			"x" : 0.508045977011494,
			"y" : 0.302600472813239,
			"midiNote" : 61
		}
, 		{
			"x" : 0.501149425287356,
			"y" : 0.191489361702128,
			"midiNote" : 63
		}
, 		{
			"x" : 0.498850574712644,
			"y" : 0.08274231678487,
			"midiNote" : 66
		}
, 		{
			"x" : 0.227586206896552,
			"y" : 0.957446808510638,
			"midiNote" : 37
		}
, 		{
			"x" : 0.222988505747126,
			"y" : 0.877068557919622,
			"midiNote" : 36
		}
, 		{
			"x" : 0.091954022988506,
			"y" : 0.796690307328605,
			"midiNote" : 39
		}
, 		{
			"x" : 0.220689655172414,
			"y" : 0.768321513002364,
			"midiNote" : 38
		}
, 		{
			"x" : 0.222988505747126,
			"y" : 0.659574468085106,
			"midiNote" : 40
		}
, 		{
			"x" : 0.098850574712644,
			"y" : 0.581560283687943,
			"midiNote" : 41
		}
, 		{
			"x" : 0.211494252873563,
			"y" : 0.536643026004728,
			"midiNote" : 43
		}
, 		{
			"x" : 0.085057471264368,
			"y" : 0.463356973995272,
			"midiNote" : 42
		}
, 		{
			"x" : 0.213793103448276,
			"y" : 0.434988179669031,
			"midiNote" : 53
		}
, 		{
			"x" : 0.213793103448276,
			"y" : 0.326241134751773,
			"midiNote" : 48
		}
, 		{
			"x" : 0.094252873563218,
			"y" : 0.347517730496454,
			"midiNote" : 46
		}
, 		{
			"x" : 0.218390804597701,
			"y" : 0.243498817966903,
			"midiNote" : 52
		}
, 		{
			"x" : 0.218390804597701,
			"y" : 0.132387706855792,
			"midiNote" : 50
		}
, 		{
			"x" : 0.096551724137931,
			"y" : 0.104018912529551,
			"midiNote" : 47
		}
, 		{
			"x" : 0.206896551724138,
			"y" : 0.044917257683215,
			"midiNote" : 45
		}
, 		{
			"x" : 0.098850574712644,
			"y" : 0.685579196217494,
			"midiNote" : 44
		}
 ]
}
