{
	"numNodes" : 40,
	"config" : [ 		{
			"x" : 0.064367816091954,
			"y" : 1,
			"midiNote" : 36
		}
, 		{
			"x" : 0.071264367816092,
			"y" : 1,
			"midiNote" : 38
		}
, 		{
			"x" : 0.071264367816092,
			"y" : 0.99290780141844,
			"midiNote" : 40
		}
, 		{
			"x" : 0.068965517241379,
			"y" : 1,
			"midiNote" : 41
		}
, 		{
			"x" : 0.082758620689655,
			"y" : 0.99290780141844,
			"midiNote" : 43
		}
, 		{
			"x" : 0.071264367816092,
			"y" : 1,
			"midiNote" : 45
		}
, 		{
			"x" : 0.073563218390805,
			"y" : 1,
			"midiNote" : 0
		}
, 		{
			"x" : 0.071264367816092,
			"y" : 1,
			"midiNote" : 0
		}
, 		{
			"x" : 0.075862068965517,
			"y" : 1,
			"midiNote" : 0
		}
, 		{
			"x" : 0.073563218390805,
			"y" : 0.997635933806147,
			"midiNote" : 0
		}
, 		{
			"x" : 0.080459770114943,
			"y" : 1,
			"midiNote" : 0
		}
, 		{
			"x" : 0.085057471264368,
			"y" : 1,
			"midiNote" : 0
		}
, 		{
			"x" : 0.052873563218391,
			"y" : 1,
			"midiNote" : 0
		}
, 		{
			"x" : 0.062068965517241,
			"y" : 1,
			"midiNote" : 0
		}
, 		{
			"x" : 0.041379310344828,
			"y" : 1,
			"midiNote" : 0
		}
, 		{
			"x" : 0.082758620689655,
			"y" : 0.995271867612293,
			"midiNote" : 0
		}
, 		{
			"x" : 0.059770114942529,
			"y" : 1,
			"midiNote" : 0
		}
, 		{
			"x" : 0.066666666666667,
			"y" : 1,
			"midiNote" : 0
		}
, 		{
			"x" : 0.096551724137931,
			"y" : 0.997635933806147,
			"midiNote" : 0
		}
, 		{
			"x" : 0.059770114942529,
			"y" : 1,
			"midiNote" : 0
		}
, 		{
			"x" : 0.075862068965517,
			"y" : 1,
			"midiNote" : 0
		}
, 		{
			"x" : 0.108045977011494,
			"y" : 0.997635933806147,
			"midiNote" : 0
		}
, 		{
			"x" : 0.089655172413793,
			"y" : 1,
			"midiNote" : 0
		}
, 		{
			"x" : 0.055172413793103,
			"y" : 1,
			"midiNote" : 0
		}
, 		{
			"x" : 0.108045977011494,
			"y" : 0.643026004728132,
			"midiNote" : 0
		}
, 		{
			"x" : 0.147126436781609,
			"y" : 0.408983451536643,
			"midiNote" : 0
		}
, 		{
			"x" : 0.227586206896552,
			"y" : 0.148936170212766,
			"midiNote" : 0
		}
, 		{
			"x" : 0.44367816091954,
			"y" : 0.144208037825059,
			"midiNote" : 0
		}
, 		{
			"x" : 0.627586206896552,
			"y" : 0.151300236406619,
			"midiNote" : 0
		}
, 		{
			"x" : 0.804597701149425,
			"y" : 0.359338061465721,
			"midiNote" : 0
		}
, 		{
			"x" : 0.491954022988506,
			"y" : 0.505910165484634,
			"midiNote" : 0
		}
, 		{
			"x" : 0.5,
			"y" : 0.5,
			"midiNote" : 0
		}
, 		{
			"x" : 0.5,
			"y" : 0.5,
			"midiNote" : 0
		}
, 		{
			"x" : 0.5,
			"y" : 0.5,
			"midiNote" : 0
		}
, 		{
			"x" : 0.5,
			"y" : 0.5,
			"midiNote" : 0
		}
, 		{
			"x" : 0.5,
			"y" : 0.5,
			"midiNote" : 0
		}
, 		{
			"x" : 0.5,
			"y" : 0.5,
			"midiNote" : 0
		}
, 		{
			"x" : 0.5,
			"y" : 0.5,
			"midiNote" : 0
		}
, 		{
			"x" : 0.5,
			"y" : 0.5,
			"midiNote" : 0
		}
, 		{
			"x" : 0.5,
			"y" : 0.5,
			"midiNote" : 0
		}
 ]
}
