{
	"numNodes" : 40,
	"config" : [ 		{
			"x" : 0.806896551724138,
			"y" : 0.047281323877069,
			"midiNote" : 53
		}
, 		{
			"x" : 0.926436781609195,
			"y" : 0.203309692671395,
			"midiNote" : 68
		}
, 		{
			"x" : 0.809195402298851,
			"y" : 0.236406619385343,
			"midiNote" : 57
		}
, 		{
			"x" : 0.940229885057471,
			"y" : 0.411347517730496,
			"midiNote" : 70
		}
, 		{
			"x" : 0.813793103448276,
			"y" : 0.531914893617021,
			"midiNote" : 62
		}
, 		{
			"x" : 0.813793103448276,
			"y" : 0.609929078014184,
			"midiNote" : 64
		}
, 		{
			"x" : 0.825287356321839,
			"y" : 0.869976359338062,
			"midiNote" : 69
		}
, 		{
			"x" : 0.933333333333333,
			"y" : 0.895981087470449,
			"midiNote" : 75
		}
, 		{
			"x" : 0.517241379310345,
			"y" : 0.955082742316785,
			"midiNote" : 66
		}
, 		{
			"x" : 0.517241379310345,
			"y" : 0.765957446808511,
			"midiNote" : 61
		}
, 		{
			"x" : 0.519540229885057,
			"y" : 0.652482269503546,
			"midiNote" : 58
		}
, 		{
			"x" : 0.512643678160919,
			"y" : 0.550827423167849,
			"midiNote" : 56
		}
, 		{
			"x" : 0.806896551724138,
			"y" : 0.151300236406619,
			"midiNote" : 55
		}
, 		{
			"x" : 0.811494252873563,
			"y" : 0.340425531914894,
			"midiNote" : 59
		}
, 		{
			"x" : 0.820689655172414,
			"y" : 0.453900709219858,
			"midiNote" : 60
		}
, 		{
			"x" : 0.924137931034483,
			"y" : 0.66193853427896,
			"midiNote" : 73
		}
, 		{
			"x" : 0.827586206896552,
			"y" : 0.697399527186761,
			"midiNote" : 65
		}
, 		{
			"x" : 0.83448275862069,
			"y" : 0.794326241134752,
			"midiNote" : 67
		}
, 		{
			"x" : 0.829885057471264,
			"y" : 0.966903073286052,
			"midiNote" : 71
		}
, 		{
			"x" : 0.52183908045977,
			"y" : 0.865248226950355,
			"midiNote" : 63
		}
, 		{
			"x" : 0.512643678160919,
			"y" : 0.42789598108747,
			"midiNote" : 0
		}
, 		{
			"x" : 0.508045977011494,
			"y" : 0.302600472813239,
			"midiNote" : 54
		}
, 		{
			"x" : 0.501149425287356,
			"y" : 0.191489361702128,
			"midiNote" : 51
		}
, 		{
			"x" : 0.498850574712644,
			"y" : 0.08274231678487,
			"midiNote" : 49
		}
, 		{
			"x" : 0.227586206896552,
			"y" : 0.957446808510638,
			"midiNote" : 36
		}
, 		{
			"x" : 0.222988505747126,
			"y" : 0.877068557919622,
			"midiNote" : 38
		}
, 		{
			"x" : 0.103448275862069,
			"y" : 0.794326241134752,
			"midiNote" : 37
		}
, 		{
			"x" : 0.220689655172414,
			"y" : 0.735224586288416,
			"midiNote" : 40
		}
, 		{
			"x" : 0.220689655172414,
			"y" : 0.645390070921986,
			"midiNote" : 41
		}
, 		{
			"x" : 0.098850574712644,
			"y" : 0.581560283687943,
			"midiNote" : 39
		}
, 		{
			"x" : 0.211494252873563,
			"y" : 0.536643026004728,
			"midiNote" : 43
		}
, 		{
			"x" : 0.211494252873563,
			"y" : 0.456264775413712,
			"midiNote" : 45
		}
, 		{
			"x" : 0.08735632183908,
			"y" : 0.460992907801418,
			"midiNote" : 42
		}
, 		{
			"x" : 0.211494252873563,
			"y" : 0.349881796690307,
			"midiNote" : 47
		}
, 		{
			"x" : 0.089655172413793,
			"y" : 0.352245862884161,
			"midiNote" : 44
		}
, 		{
			"x" : 0.218390804597701,
			"y" : 0.243498817966903,
			"midiNote" : 48
		}
, 		{
			"x" : 0.218390804597701,
			"y" : 0.132387706855792,
			"midiNote" : 50
		}
, 		{
			"x" : 0.096551724137931,
			"y" : 0.104018912529551,
			"midiNote" : 46
		}
, 		{
			"x" : 0.206896551724138,
			"y" : 0.044917257683215,
			"midiNote" : 52
		}
, 		{
			"x" : 0.022988505747126,
			"y" : 0.983451536643026,
			"midiNote" : 0
		}
 ]
}
