{
	"numNodes" : 40,
	"config" : [ 		{
			"x" : 0.866666666666667,
			"y" : 0.066193853427896,
			"midiNote" : 42
		}
, 		{
			"x" : 0.498850574712644,
			"y" : 0.309692671394799,
			"midiNote" : 38
		}
, 		{
			"x" : 0.689655172413793,
			"y" : 0.312056737588652,
			"midiNote" : 40
		}
, 		{
			"x" : 0.885057471264368,
			"y" : 0.314420803782506,
			"midiNote" : 44
		}
, 		{
			"x" : 0.703448275862069,
			"y" : 0.517730496453901,
			"midiNote" : 45
		}
, 		{
			"x" : 0.866666666666667,
			"y" : 0.600472813238771,
			"midiNote" : 46
		}
, 		{
			"x" : 0.705747126436782,
			"y" : 0.721040189125296,
			"midiNote" : 50
		}
, 		{
			"x" : 0.880459770114942,
			"y" : 0.900709219858156,
			"midiNote" : 49
		}
, 		{
			"x" : 0,
			"y" : 0.42789598108747,
			"midiNote" : 0
		}
, 		{
			"x" : 0,
			"y" : 0.472813238770686,
			"midiNote" : 0
		}
, 		{
			"x" : 0,
			"y" : 0.472813238770686,
			"midiNote" : 0
		}
, 		{
			"x" : 0,
			"y" : 0.477541371158392,
			"midiNote" : 0
		}
, 		{
			"x" : 0.126436781609195,
			"y" : 0.321513002364066,
			"midiNote" : 58
		}
, 		{
			"x" : 0.28735632183908,
			"y" : 0.517730496453901,
			"midiNote" : 41
		}
, 		{
			"x" : 0.137931034482759,
			"y" : 0.59338061465721,
			"midiNote" : 56
		}
, 		{
			"x" : 0.296551724137931,
			"y" : 0.732860520094563,
			"midiNote" : 47
		}
, 		{
			"x" : 0.133333333333333,
			"y" : 0.078014184397163,
			"midiNote" : 37
		}
, 		{
			"x" : 0.163218390804598,
			"y" : 0.874704491725768,
			"midiNote" : 54
		}
, 		{
			"x" : 0.308045977011494,
			"y" : 0.321513002364066,
			"midiNote" : 36
		}
, 		{
			"x" : 0.496551724137931,
			"y" : 0.914893617021277,
			"midiNote" : 51
		}
, 		{
			"x" : 0,
			"y" : 0.494089834515366,
			"midiNote" : 0
		}
, 		{
			"x" : 0.508045977011494,
			"y" : 0.106382978723404,
			"midiNote" : 39
		}
, 		{
			"x" : 0.494252873563218,
			"y" : 0.508274231678487,
			"midiNote" : 43
		}
, 		{
			"x" : 0.508045977011494,
			"y" : 0.728132387706856,
			"midiNote" : 48
		}
, 		{
			"x" : 0,
			"y" : 0.555555555555556,
			"midiNote" : 0
		}
, 		{
			"x" : 0,
			"y" : 0.520094562647754,
			"midiNote" : 0
		}
, 		{
			"x" : 0,
			"y" : 0.479905437352246,
			"midiNote" : 0
		}
, 		{
			"x" : 0,
			"y" : 0.498817966903073,
			"midiNote" : 0
		}
, 		{
			"x" : 0,
			"y" : 0.560283687943262,
			"midiNote" : 0
		}
, 		{
			"x" : 0,
			"y" : 0.560283687943262,
			"midiNote" : 0
		}
, 		{
			"x" : 0,
			"y" : 0.543735224586288,
			"midiNote" : 0
		}
, 		{
			"x" : 0,
			"y" : 0.645390070921986,
			"midiNote" : 0
		}
, 		{
			"x" : 0,
			"y" : 0.562647754137116,
			"midiNote" : 0
		}
, 		{
			"x" : 0,
			"y" : 0.491725768321513,
			"midiNote" : 0
		}
, 		{
			"x" : 0,
			"y" : 0.48936170212766,
			"midiNote" : 0
		}
, 		{
			"x" : 0,
			"y" : 0.536643026004728,
			"midiNote" : 0
		}
, 		{
			"x" : 0,
			"y" : 0.539007092198582,
			"midiNote" : 0
		}
, 		{
			"x" : 0,
			"y" : 0.482269503546099,
			"midiNote" : 0
		}
, 		{
			"x" : 0,
			"y" : 0.666666666666667,
			"midiNote" : 0
		}
, 		{
			"x" : 0,
			"y" : 0.66903073286052,
			"midiNote" : 0
		}
 ]
}
