{
	"numNodes" : 40,
	"config" : [ 		{
			"x" : 0.979310344827586,
			"y" : 0.231678486997636,
			"midiNote" : 77
		}
, 		{
			"x" : 0.986206896551724,
			"y" : 0.468085106382979,
			"midiNote" : 81
		}
, 		{
			"x" : 0.983908045977012,
			"y" : 0.706855791962175,
			"midiNote" : 71
		}
, 		{
			"x" : 0.852873563218391,
			"y" : 0.829787234042553,
			"midiNote" : 51
		}
, 		{
			"x" : 0.703448275862069,
			"y" : 0.683215130023641,
			"midiNote" : 67
		}
, 		{
			"x" : 0.71264367816092,
			"y" : 0.829787234042553,
			"midiNote" : 56
		}
, 		{
			"x" : 0.88735632183908,
			"y" : 0.978723404255319,
			"midiNote" : 54
		}
, 		{
			"x" : 0.740229885057471,
			"y" : 0.978723404255319,
			"midiNote" : 79
		}
, 		{
			"x" : 0.013793103448276,
			"y" : 0.226950354609929,
			"midiNote" : 58
		}
, 		{
			"x" : 0.170114942528736,
			"y" : 0.018912529550827,
			"midiNote" : 48
		}
, 		{
			"x" : 0.374712643678161,
			"y" : 0.021276595744681,
			"midiNote" : 64
		}
, 		{
			"x" : 0.537931034482759,
			"y" : 0.018912529550827,
			"midiNote" : 47
		}
, 		{
			"x" : 0.719540229885058,
			"y" : 0.366430260047281,
			"midiNote" : 61
		}
, 		{
			"x" : 0.72183908045977,
			"y" : 0.200945626477541,
			"midiNote" : 45
		}
, 		{
			"x" : 0.705747126436782,
			"y" : 0.527186761229314,
			"midiNote" : 52
		}
, 		{
			"x" : 0.540229885057471,
			"y" : 0.200945626477541,
			"midiNote" : 40
		}
, 		{
			"x" : 0.533333333333333,
			"y" : 0.364066193853428,
			"midiNote" : 41
		}
, 		{
			"x" : 0.544827586206897,
			"y" : 0.522458628841608,
			"midiNote" : 43
		}
, 		{
			"x" : 0.542528735632184,
			"y" : 0.67612293144208,
			"midiNote" : 74
		}
, 		{
			"x" : 0.554022988505747,
			"y" : 0.825059101654846,
			"midiNote" : 76
		}
, 		{
			"x" : 0.370114942528736,
			"y" : 0.981087470449173,
			"midiNote" : 0
		}
, 		{
			"x" : 0.186206896551724,
			"y" : 0.976359338061466,
			"midiNote" : 72
		}
, 		{
			"x" : 0.011494252873563,
			"y" : 0.699763593380615,
			"midiNote" : 59
		}
, 		{
			"x" : 0.013793103448276,
			"y" : 0.458628841607565,
			"midiNote" : 63
		}
, 		{
			"x" : 0.367816091954023,
			"y" : 0.354609929078014,
			"midiNote" : 55
		}
, 		{
			"x" : 0.372413793103448,
			"y" : 0.193853427895981,
			"midiNote" : 60
		}
, 		{
			"x" : 0.871264367816092,
			"y" : 0.541371158392435,
			"midiNote" : 50
		}
, 		{
			"x" : 0.868965517241379,
			"y" : 0.368794326241135,
			"midiNote" : 36
		}
, 		{
			"x" : 0.866666666666667,
			"y" : 0.205673758865248,
			"midiNote" : 38
		}
, 		{
			"x" : 0.857471264367816,
			"y" : 0.67612293144208,
			"midiNote" : 0
		}
, 		{
			"x" : 0.857471264367816,
			"y" : 0.018912529550827,
			"midiNote" : 0
		}
, 		{
			"x" : 0.717241379310345,
			"y" : 0.021276595744681,
			"midiNote" : 65
		}
, 		{
			"x" : 0.181609195402299,
			"y" : 0.817966903073286,
			"midiNote" : 0
		}
, 		{
			"x" : 0.177011494252874,
			"y" : 0.66903073286052,
			"midiNote" : 62
		}
, 		{
			"x" : 0.174712643678161,
			"y" : 0.505910165484634,
			"midiNote" : 46
		}
, 		{
			"x" : 0.174712643678161,
			"y" : 0.364066193853428,
			"midiNote" : 57
		}
, 		{
			"x" : 0.174712643678161,
			"y" : 0.203309692671395,
			"midiNote" : 0
		}
, 		{
			"x" : 0.363218390804598,
			"y" : 0.817966903073286,
			"midiNote" : 49
		}
, 		{
			"x" : 0.36551724137931,
			"y" : 0.673758865248227,
			"midiNote" : 53
		}
, 		{
			"x" : 0.363218390804598,
			"y" : 0.517730496453901,
			"midiNote" : 69
		}
 ]
}
