{
	"numNodes" : 40,
	"config" : [ 		{
			"x" : 0.491954022988506,
			"y" : 0.078014184397163,
			"midiNote" : 77
		}
, 		{
			"x" : 0.8,
			"y" : 0.066193853427896,
			"midiNote" : 81
		}
, 		{
			"x" : 0.659770114942529,
			"y" : 0.198581560283688,
			"midiNote" : 71
		}
, 		{
			"x" : 0.875862068965517,
			"y" : 0.141843971631206,
			"midiNote" : 51
		}
, 		{
			"x" : 0.370114942528736,
			"y" : 0.205673758865248,
			"midiNote" : 67
		}
, 		{
			"x" : 0.970114942528736,
			"y" : 0.397163120567376,
			"midiNote" : 56
		}
, 		{
			"x" : 0.963218390804598,
			"y" : 0.278959810874705,
			"midiNote" : 54
		}
, 		{
			"x" : 0.659770114942529,
			"y" : 0.078014184397163,
			"midiNote" : 79
		}
, 		{
			"x" : 0.970114942528736,
			"y" : 0.626477541371158,
			"midiNote" : 58
		}
, 		{
			"x" : 0.524137931034483,
			"y" : 0.657210401891253,
			"midiNote" : 48
		}
, 		{
			"x" : 0.809195402298851,
			"y" : 0.333333333333333,
			"midiNote" : 64
		}
, 		{
			"x" : 0.381609195402299,
			"y" : 0.657210401891253,
			"midiNote" : 47
		}
, 		{
			"x" : 0.974712643678161,
			"y" : 0.721040189125296,
			"midiNote" : 61
		}
, 		{
			"x" : 0.257471264367816,
			"y" : 0.657210401891253,
			"midiNote" : 45
		}
, 		{
			"x" : 0.836781609195402,
			"y" : 0.633569739952719,
			"midiNote" : 52
		}
, 		{
			"x" : 0.508045977011494,
			"y" : 0.75886524822695,
			"midiNote" : 40
		}
, 		{
			"x" : 0.67816091954023,
			"y" : 0.749408983451537,
			"midiNote" : 41
		}
, 		{
			"x" : 0.820689655172414,
			"y" : 0.74468085106383,
			"midiNote" : 43
		}
, 		{
			"x" : 0.206896551724138,
			"y" : 0.070921985815603,
			"midiNote" : 74
		}
, 		{
			"x" : 0.360919540229885,
			"y" : 0.07565011820331,
			"midiNote" : 76
		}
, 		{
			"x" : 0.075862068965517,
			"y" : 0.139479905437352,
			"midiNote" : 0
		}
, 		{
			"x" : 0.802298850574713,
			"y" : 0.203309692671395,
			"midiNote" : 72
		}
, 		{
			"x" : 0.351724137931034,
			"y" : 0.3451536643026,
			"midiNote" : 59
		}
, 		{
			"x" : 0.970114942528736,
			"y" : 0.84160756501182,
			"midiNote" : 63
		}
, 		{
			"x" : 0.432183908045977,
			"y" : 0.498817966903073,
			"midiNote" : 55
		}
, 		{
			"x" : 0.494252873563218,
			"y" : 0.33096926713948,
			"midiNote" : 60
		}
, 		{
			"x" : 0.689655172413793,
			"y" : 0.645390070921986,
			"midiNote" : 50
		}
, 		{
			"x" : 0.225287356321839,
			"y" : 0.763593380614657,
			"midiNote" : 36
		}
, 		{
			"x" : 0.386206896551724,
			"y" : 0.75177304964539,
			"midiNote" : 38
		}
, 		{
			"x" : 0.068965517241379,
			"y" : 0.664302600472813,
			"midiNote" : 39
		}
, 		{
			"x" : 0.009195402298851,
			"y" : 0.650118203309693,
			"midiNote" : 42
		}
, 		{
			"x" : 0.2,
			"y" : 0.189125295508274,
			"midiNote" : 65
		}
, 		{
			"x" : 0.041379310344828,
			"y" : 0.548463356973995,
			"midiNote" : 44
		}
, 		{
			"x" : 0.604597701149425,
			"y" : 0.399527186761229,
			"midiNote" : 62
		}
, 		{
			"x" : 0.029885057471264,
			"y" : 0.458628841607565,
			"midiNote" : 46
		}
, 		{
			"x" : 0.705747126436782,
			"y" : 0.48936170212766,
			"midiNote" : 57
		}
, 		{
			"x" : 0.041379310344828,
			"y" : 0.855791962174941,
			"midiNote" : 37
		}
, 		{
			"x" : 0.018390804597701,
			"y" : 0.340425531914894,
			"midiNote" : 49
		}
, 		{
			"x" : 0.248275862068966,
			"y" : 0.477541371158392,
			"midiNote" : 53
		}
, 		{
			"x" : 0.494252873563218,
			"y" : 0.200945626477541,
			"midiNote" : 69
		}
 ]
}
