{
	"numNodes" : 40,
	"config" : [ 		{
			"x" : 0.8,
			"y" : 0.07565011820331,
			"midiNote" : 53
		}
, 		{
			"x" : 0.317241379310345,
			"y" : 1,
			"midiNote" : 55
		}
, 		{
			"x" : 0.928735632183908,
			"y" : 0.250591016548463,
			"midiNote" : 73
		}
, 		{
			"x" : 0.797701149425287,
			"y" : 0.354609929078014,
			"midiNote" : 59
		}
, 		{
			"x" : 0.795402298850575,
			"y" : 0.451536643026005,
			"midiNote" : 60
		}
, 		{
			"x" : 0.786206896551724,
			"y" : 0.638297872340426,
			"midiNote" : 64
		}
, 		{
			"x" : 0.32183908045977,
			"y" : 1,
			"midiNote" : 65
		}
, 		{
			"x" : 0.781609195402299,
			"y" : 0.957446808510638,
			"midiNote" : 71
		}
, 		{
			"x" : 0.505747126436782,
			"y" : 0.893617021276596,
			"midiNote" : 70
		}
, 		{
			"x" : 0.505747126436782,
			"y" : 0.784869976359338,
			"midiNote" : 68
		}
, 		{
			"x" : 0.510344827586207,
			"y" : 0.683215130023641,
			"midiNote" : 66
		}
, 		{
			"x" : 0.505747126436782,
			"y" : 0.581560283687943,
			"midiNote" : 63
		}
, 		{
			"x" : 0.797701149425287,
			"y" : 0.271867612293144,
			"midiNote" : 57
		}
, 		{
			"x" : 0.914942528735632,
			"y" : 0.408983451536643,
			"midiNote" : 75
		}
, 		{
			"x" : 0.790804597701149,
			"y" : 0.543735224586288,
			"midiNote" : 62
		}
, 		{
			"x" : 0.910344827586207,
			"y" : 0.702127659574468,
			"midiNote" : 78
		}
, 		{
			"x" : 0.8,
			"y" : 0.825059101654846,
			"midiNote" : 67
		}
, 		{
			"x" : 0.786206896551724,
			"y" : 0.895981087470449,
			"midiNote" : 69
		}
, 		{
			"x" : 0.91264367816092,
			"y" : 0.905437352245863,
			"midiNote" : 80
		}
, 		{
			"x" : 0.510344827586207,
			"y" : 0.312056737588652,
			"midiNote" : 58
		}
, 		{
			"x" : 0.510344827586207,
			"y" : 0.486997635933806,
			"midiNote" : 61
		}
, 		{
			"x" : 0.498850574712644,
			"y" : 0.404255319148936,
			"midiNote" : 56
		}
, 		{
			"x" : 0.498850574712644,
			"y" : 0.200945626477541,
			"midiNote" : 54
		}
, 		{
			"x" : 0.491954022988506,
			"y" : 0.099290780141844,
			"midiNote" : 51
		}
, 		{
			"x" : 0.15632183908046,
			"y" : 0.912529550827423,
			"midiNote" : 52
		}
, 		{
			"x" : 0.328735632183908,
			"y" : 1,
			"midiNote" : 50
		}
, 		{
			"x" : 0.057471264367816,
			"y" : 0.754137115839243,
			"midiNote" : 46
		}
, 		{
			"x" : 0.154022988505747,
			"y" : 0.690307328605201,
			"midiNote" : 48
		}
, 		{
			"x" : 0.15632183908046,
			"y" : 0.600472813238771,
			"midiNote" : 47
		}
, 		{
			"x" : 0.062068965517241,
			"y" : 0.529550827423168,
			"midiNote" : 44
		}
, 		{
			"x" : 0.328735632183908,
			"y" : 1,
			"midiNote" : 45
		}
, 		{
			"x" : 0.15632183908046,
			"y" : 0.394799054373522,
			"midiNote" : 43
		}
, 		{
			"x" : 0.052873563218391,
			"y" : 0.328605200945626,
			"midiNote" : 42
		}
, 		{
			"x" : 0.16551724137931,
			"y" : 0.297872340425532,
			"midiNote" : 41
		}
, 		{
			"x" : 0.059770114942529,
			"y" : 0.226950354609929,
			"midiNote" : 39
		}
, 		{
			"x" : 0.160919540229885,
			"y" : 0.208037825059102,
			"midiNote" : 40
		}
, 		{
			"x" : 0.163218390804598,
			"y" : 0.132387706855792,
			"midiNote" : 38
		}
, 		{
			"x" : 0.055172413793103,
			"y" : 0.099290780141844,
			"midiNote" : 37
		}
, 		{
			"x" : 0.170114942528736,
			"y" : 0.044917257683215,
			"midiNote" : 36
		}
, 		{
			"x" : 0.317241379310345,
			"y" : 1,
			"midiNote" : 0
		}
 ]
}
