{
	"numNodes" : 40,
	"config" : [ 		{
			"x" : 0.482758620689655,
			"y" : 0.068557919621749,
			"midiNote" : 40
		}
, 		{
			"x" : 0.724137931034483,
			"y" : 0.066193853427896,
			"midiNote" : 43
		}
, 		{
			"x" : 0.593103448275862,
			"y" : 0.24113475177305,
			"midiNote" : 50
		}
, 		{
			"x" : 0.967816091954023,
			"y" : 0.044917257683215,
			"midiNote" : 39
		}
, 		{
			"x" : 0.386206896551724,
			"y" : 0.24113475177305,
			"midiNote" : 47
		}
, 		{
			"x" : 0.972413793103448,
			"y" : 0.380614657210402,
			"midiNote" : 49
		}
, 		{
			"x" : 0.967816091954023,
			"y" : 0.229314420803783,
			"midiNote" : 44
		}
, 		{
			"x" : 0.616091954022989,
			"y" : 0.063829787234043,
			"midiNote" : 41
		}
, 		{
			"x" : 0.942528735632184,
			"y" : 0.527186761229314,
			"midiNote" : 54
		}
, 		{
			"x" : 0.533333333333333,
			"y" : 0.739952718676123,
			"midiNote" : 67
		}
, 		{
			"x" : 0.636781609195402,
			"y" : 0.442080378250591,
			"midiNote" : 59
		}
, 		{
			"x" : 0.418390804597701,
			"y" : 0.74468085106383,
			"midiNote" : 65
		}
, 		{
			"x" : 0.949425287356322,
			"y" : 0.806146572104019,
			"midiNote" : 63
		}
, 		{
			"x" : 0.298850574712644,
			"y" : 0.737588652482269,
			"midiNote" : 64
		}
, 		{
			"x" : 0.694252873563218,
			"y" : 0.737588652482269,
			"midiNote" : 71
		}
, 		{
			"x" : 0.485057471264368,
			"y" : 0.91725768321513,
			"midiNote" : 76
		}
, 		{
			"x" : 0.574712643678161,
			"y" : 0.91016548463357,
			"midiNote" : 77
		}
, 		{
			"x" : 0.71264367816092,
			"y" : 0.919621749408983,
			"midiNote" : 79
		}
, 		{
			"x" : 0.294252873563218,
			"y" : 0.07565011820331,
			"midiNote" : 36
		}
, 		{
			"x" : 0.390804597701149,
			"y" : 0.073286052009456,
			"midiNote" : 38
		}
, 		{
			"x" : 0.052873563218391,
			"y" : 0.056737588652482,
			"midiNote" : 37
		}
, 		{
			"x" : 0.694252873563218,
			"y" : 0.229314420803783,
			"midiNote" : 52
		}
, 		{
			"x" : 0.275862068965517,
			"y" : 0.397163120567376,
			"midiNote" : 53
		}
, 		{
			"x" : 0.967816091954023,
			"y" : 0.943262411347518,
			"midiNote" : 68
		}
, 		{
			"x" : 0.337931034482759,
			"y" : 0.425531914893617,
			"midiNote" : 55
		}
, 		{
			"x" : 0.579310344827586,
			"y" : 0.565011820330969,
			"midiNote" : 62
		}
, 		{
			"x" : 0.609195402298851,
			"y" : 0.737588652482269,
			"midiNote" : 69
		}
, 		{
			"x" : 0.314942528735632,
			"y" : 0.91016548463357,
			"midiNote" : 72
		}
, 		{
			"x" : 0.397701149425287,
			"y" : 0.91016548463357,
			"midiNote" : 74
		}
, 		{
			"x" : 0.045977011494253,
			"y" : 0.817966903073286,
			"midiNote" : 61
		}
, 		{
			"x" : 0.048275862068966,
			"y" : 0.685579196217494,
			"midiNote" : 56
		}
, 		{
			"x" : 0.301149425287356,
			"y" : 0.25531914893617,
			"midiNote" : 45
		}
, 		{
			"x" : 0.050574712643678,
			"y" : 0.543735224586288,
			"midiNote" : 51
		}
, 		{
			"x" : 0.951724137931034,
			"y" : 0.643026004728132,
			"midiNote" : 58
		}
, 		{
			"x" : 0.052873563218391,
			"y" : 0.366430260047281,
			"midiNote" : 46
		}
, 		{
			"x" : 0.535632183908046,
			"y" : 0.416075650118203,
			"midiNote" : 57
		}
, 		{
			"x" : 0.039080459770115,
			"y" : 0.952718676122931,
			"midiNote" : 66
		}
, 		{
			"x" : 0.045977011494253,
			"y" : 0.236406619385343,
			"midiNote" : 42
		}
, 		{
			"x" : 0.372413793103448,
			"y" : 0.595744680851064,
			"midiNote" : 60
		}
, 		{
			"x" : 0.494252873563218,
			"y" : 0.236406619385343,
			"midiNote" : 48
		}
 ]
}
