{
	"numNodes" : 40,
	"config" : [ 		{
			"x" : 0.841379310344828,
			"y" : 0.052009456264775,
			"midiNote" : 71
		}
, 		{
			"x" : 0.914942528735632,
			"y" : 0.156028368794326,
			"midiNote" : 56
		}
, 		{
			"x" : 0.84367816091954,
			"y" : 0.198581560283688,
			"midiNote" : 67
		}
, 		{
			"x" : 0.845977011494253,
			"y" : 0.281323877068558,
			"midiNote" : 65
		}
, 		{
			"x" : 0.848275862068966,
			"y" : 0.371158392434988,
			"midiNote" : 64
		}
, 		{
			"x" : 0.914942528735632,
			"y" : 0.635933806146572,
			"midiNote" : 51
		}
, 		{
			"x" : 0.839080459770115,
			"y" : 0.654846335697399,
			"midiNote" : 59
		}
, 		{
			"x" : 0.83448275862069,
			"y" : 0.825059101654846,
			"midiNote" : 55
		}
, 		{
			"x" : 0.508045977011494,
			"y" : 0.1725768321513,
			"midiNote" : 61
		}
, 		{
			"x" : 0.508045977011494,
			"y" : 0.070921985815603,
			"midiNote" : 58
		}
, 		{
			"x" : 0.503448275862069,
			"y" : 0.645390070921986,
			"midiNote" : 73
		}
, 		{
			"x" : 0.501149425287356,
			"y" : 0.765957446808511,
			"midiNote" : 75
		}
, 		{
			"x" : 0.841379310344828,
			"y" : 0.122931442080378,
			"midiNote" : 69
		}
, 		{
			"x" : 0.933333333333333,
			"y" : 0.432624113475177,
			"midiNote" : 54
		}
, 		{
			"x" : 0.84367816091954,
			"y" : 0.470449172576832,
			"midiNote" : 62
		}
, 		{
			"x" : 0.841379310344828,
			"y" : 0.567375886524823,
			"midiNote" : 60
		}
, 		{
			"x" : 0.836781609195402,
			"y" : 0.735224586288416,
			"midiNote" : 57
		}
, 		{
			"x" : 0.92183908045977,
			"y" : 0.881796690307329,
			"midiNote" : 49
		}
, 		{
			"x" : 0.829885057471264,
			"y" : 0.914893617021277,
			"midiNote" : 53
		}
, 		{
			"x" : 0.498850574712644,
			"y" : 0.886524822695035,
			"midiNote" : 78
		}
, 		{
			"x" : 0.501149425287356,
			"y" : 0.534278959810875,
			"midiNote" : 70
		}
, 		{
			"x" : 0.496551724137931,
			"y" : 0.442080378250591,
			"midiNote" : 68
		}
, 		{
			"x" : 0.496551724137931,
			"y" : 0.3451536643026,
			"midiNote" : 66
		}
, 		{
			"x" : 0.503448275862069,
			"y" : 0.25531914893617,
			"midiNote" : 63
		}
, 		{
			"x" : 0.160919540229885,
			"y" : 0.66193853427896,
			"midiNote" : 47
		}
, 		{
			"x" : 0.154022988505747,
			"y" : 0.770685579196217,
			"midiNote" : 48
		}
, 		{
			"x" : 0.048275862068966,
			"y" : 0.843971631205674,
			"midiNote" : 46
		}
, 		{
			"x" : 0.149425287356322,
			"y" : 0.862884160756501,
			"midiNote" : 50
		}
, 		{
			"x" : 0.15632183908046,
			"y" : 0.945626477541371,
			"midiNote" : 52
		}
, 		{
			"x" : 0,
			"y" : 1,
			"midiNote" : 0
		}
, 		{
			"x" : 0.151724137931034,
			"y" : 0.565011820330969,
			"midiNote" : 45
		}
, 		{
			"x" : 0.052873563218391,
			"y" : 0.614657210401891,
			"midiNote" : 44
		}
, 		{
			"x" : 0.172413793103448,
			"y" : 0.078014184397163,
			"midiNote" : 36
		}
, 		{
			"x" : 0.055172413793103,
			"y" : 0.189125295508274,
			"midiNote" : 37
		}
, 		{
			"x" : 0.167816091954023,
			"y" : 0.189125295508274,
			"midiNote" : 38
		}
, 		{
			"x" : 0.160919540229885,
			"y" : 0.300236406619385,
			"midiNote" : 40
		}
, 		{
			"x" : 0.068965517241379,
			"y" : 0.373522458628842,
			"midiNote" : 39
		}
, 		{
			"x" : 0.160919540229885,
			"y" : 0.399527186761229,
			"midiNote" : 41
		}
, 		{
			"x" : 0.160919540229885,
			"y" : 0.484633569739953,
			"midiNote" : 43
		}
, 		{
			"x" : 0.064367816091954,
			"y" : 0.517730496453901,
			"midiNote" : 42
		}
 ]
}
