{
	"numNodes" : 40,
	"config" : [ 		{
			"x" : 0.728735632183908,
			"y" : 0,
			"midiNote" : 0
		}
, 		{
			"x" : 0.740229885057471,
			"y" : 0,
			"midiNote" : 0
		}
, 		{
			"x" : 0.719540229885058,
			"y" : 0,
			"midiNote" : 0
		}
, 		{
			"x" : 0.731034482758621,
			"y" : 0,
			"midiNote" : 0
		}
, 		{
			"x" : 0.731034482758621,
			"y" : 0,
			"midiNote" : 0
		}
, 		{
			"x" : 0.726436781609195,
			"y" : 0,
			"midiNote" : 0
		}
, 		{
			"x" : 0.737931034482759,
			"y" : 0,
			"midiNote" : 0
		}
, 		{
			"x" : 0.731034482758621,
			"y" : 0,
			"midiNote" : 0
		}
, 		{
			"x" : 0.726436781609195,
			"y" : 0,
			"midiNote" : 0
		}
, 		{
			"x" : 0.724137931034483,
			"y" : 0,
			"midiNote" : 0
		}
, 		{
			"x" : 0.731034482758621,
			"y" : 0,
			"midiNote" : 0
		}
, 		{
			"x" : 0.724137931034483,
			"y" : 0,
			"midiNote" : 0
		}
, 		{
			"x" : 0.735632183908046,
			"y" : 0,
			"midiNote" : 0
		}
, 		{
			"x" : 0.728735632183908,
			"y" : 0,
			"midiNote" : 0
		}
, 		{
			"x" : 0.72183908045977,
			"y" : 0,
			"midiNote" : 0
		}
, 		{
			"x" : 0.742528735632184,
			"y" : 0,
			"midiNote" : 0
		}
, 		{
			"x" : 0.733333333333333,
			"y" : 0,
			"midiNote" : 0
		}
, 		{
			"x" : 0.717241379310345,
			"y" : 0,
			"midiNote" : 0
		}
, 		{
			"x" : 0.726436781609195,
			"y" : 0,
			"midiNote" : 0
		}
, 		{
			"x" : 0.733333333333333,
			"y" : 0,
			"midiNote" : 0
		}
, 		{
			"x" : 0.737931034482759,
			"y" : 0,
			"midiNote" : 0
		}
, 		{
			"x" : 0.735632183908046,
			"y" : 0,
			"midiNote" : 0
		}
, 		{
			"x" : 0.724137931034483,
			"y" : 0,
			"midiNote" : 0
		}
, 		{
			"x" : 0.740229885057471,
			"y" : 0,
			"midiNote" : 0
		}
, 		{
			"x" : 0.84367816091954,
			"y" : 0.853427895981087,
			"midiNote" : 71
		}
, 		{
			"x" : 0.885057471264368,
			"y" : 0.529550827423168,
			"midiNote" : 72
		}
, 		{
			"x" : 0.868965517241379,
			"y" : 0.252955082742317,
			"midiNote" : 74
		}
, 		{
			"x" : 0.501149425287356,
			"y" : 0.122931442080378,
			"midiNote" : 76
		}
, 		{
			"x" : 0.163218390804598,
			"y" : 0.141843971631206,
			"midiNote" : 77
		}
, 		{
			"x" : 0.131034482758621,
			"y" : 0.48936170212766,
			"midiNote" : 79
		}
, 		{
			"x" : 0.12183908045977,
			"y" : 0.723404255319149,
			"midiNote" : 81
		}
, 		{
			"x" : 0.08735632183908,
			"y" : 0.957446808510638,
			"midiNote" : 83
		}
, 		{
			"x" : 0.5,
			"y" : 0.5,
			"midiNote" : 0
		}
, 		{
			"x" : 0.5,
			"y" : 0.5,
			"midiNote" : 0
		}
, 		{
			"x" : 0.5,
			"y" : 0.5,
			"midiNote" : 0
		}
, 		{
			"x" : 0.5,
			"y" : 0.5,
			"midiNote" : 0
		}
, 		{
			"x" : 0.5,
			"y" : 0.5,
			"midiNote" : 0
		}
, 		{
			"x" : 0.5,
			"y" : 0.5,
			"midiNote" : 0
		}
, 		{
			"x" : 0.5,
			"y" : 0.5,
			"midiNote" : 0
		}
, 		{
			"x" : 0.5,
			"y" : 0.5,
			"midiNote" : 0
		}
 ]
}
