{
	"numNodes" : 40,
	"config" : [ 		{
			"x" : 0.84367816091954,
			"y" : 0.047281323877069,
			"midiNote" : 55
		}
, 		{
			"x" : 0.84367816091954,
			"y" : 0.120567375886525,
			"midiNote" : 57
		}
, 		{
			"x" : 0.841379310344828,
			"y" : 0.300236406619385,
			"midiNote" : 60
		}
, 		{
			"x" : 0.933333333333333,
			"y" : 0.432624113475177,
			"midiNote" : 75
		}
, 		{
			"x" : 0.845977011494253,
			"y" : 0.477541371158392,
			"midiNote" : 64
		}
, 		{
			"x" : 0.845977011494253,
			"y" : 0.203309692671395,
			"midiNote" : 59
		}
, 		{
			"x" : 0.855172413793103,
			"y" : 0.657210401891253,
			"midiNote" : 67
		}
, 		{
			"x" : 0.937931034482759,
			"y" : 0.903073286052009,
			"midiNote" : 70
		}
, 		{
			"x" : 0.491954022988506,
			"y" : 0.600472813238771,
			"midiNote" : 56
		}
, 		{
			"x" : 0.491954022988506,
			"y" : 0.373522458628842,
			"midiNote" : 61
		}
, 		{
			"x" : 0.48735632183908,
			"y" : 0.491725768321513,
			"midiNote" : 58
		}
, 		{
			"x" : 0.485057471264368,
			"y" : 0.061465721040189,
			"midiNote" : 68
		}
, 		{
			"x" : 0.84367816091954,
			"y" : 0.387706855791962,
			"midiNote" : 62
		}
, 		{
			"x" : 0.848275862068966,
			"y" : 0.567375886524823,
			"midiNote" : 65
		}
, 		{
			"x" : 0.928735632183908,
			"y" : 0.716312056737589,
			"midiNote" : 73
		}
, 		{
			"x" : 0.859770114942529,
			"y" : 0.848699763593381,
			"midiNote" : 71
		}
, 		{
			"x" : 0.933333333333333,
			"y" : 0.236406619385343,
			"midiNote" : 78
		}
, 		{
			"x" : 0.859770114942529,
			"y" : 0.768321513002364,
			"midiNote" : 69
		}
, 		{
			"x" : 0.866666666666667,
			"y" : 0.938534278959811,
			"midiNote" : 72
		}
, 		{
			"x" : 0.48735632183908,
			"y" : 0.16548463356974,
			"midiNote" : 66
		}
, 		{
			"x" : 0.496551724137931,
			"y" : 0.900709219858156,
			"midiNote" : 49
		}
, 		{
			"x" : 0.496551724137931,
			"y" : 0.799054373522459,
			"midiNote" : 51
		}
, 		{
			"x" : 0.491954022988506,
			"y" : 0.692671394799054,
			"midiNote" : 54
		}
, 		{
			"x" : 0.485057471264368,
			"y" : 0.271867612293144,
			"midiNote" : 63
		}
, 		{
			"x" : 0.158620689655172,
			"y" : 0.962174940898345,
			"midiNote" : 36
		}
, 		{
			"x" : 0.163218390804598,
			"y" : 0.884160756501182,
			"midiNote" : 38
		}
, 		{
			"x" : 0.160919540229885,
			"y" : 0.796690307328605,
			"midiNote" : 40
		}
, 		{
			"x" : 0.07816091954023,
			"y" : 0.8274231678487,
			"midiNote" : 37
		}
, 		{
			"x" : 0.16551724137931,
			"y" : 0.706855791962175,
			"midiNote" : 41
		}
, 		{
			"x" : 0.075862068965517,
			"y" : 0.666666666666667,
			"midiNote" : 39
		}
, 		{
			"x" : 0.16551724137931,
			"y" : 0.491725768321513,
			"midiNote" : 45
		}
, 		{
			"x" : 0.075862068965517,
			"y" : 0.550827423167849,
			"midiNote" : 42
		}
, 		{
			"x" : 0.15632183908046,
			"y" : 0.602836879432624,
			"midiNote" : 43
		}
, 		{
			"x" : 0,
			"y" : 1,
			"midiNote" : 0
		}
, 		{
			"x" : 0.167816091954023,
			"y" : 0.387706855791962,
			"midiNote" : 47
		}
, 		{
			"x" : 0.075862068965517,
			"y" : 0.349881796690307,
			"midiNote" : 44
		}
, 		{
			"x" : 0.167816091954023,
			"y" : 0.278959810874705,
			"midiNote" : 48
		}
, 		{
			"x" : 0.160919540229885,
			"y" : 0.179669030732861,
			"midiNote" : 53
		}
, 		{
			"x" : 0.07816091954023,
			"y" : 0.137115839243499,
			"midiNote" : 46
		}
, 		{
			"x" : 0.167816091954023,
			"y" : 0.061465721040189,
			"midiNote" : 52
		}
 ]
}
