{
	"numNodes" : 40,
	"config" : [ 		{
			"x" : 0.84367816091954,
			"y" : 0.047281323877069,
			"midiNote" : 65
		}
, 		{
			"x" : 0.84367816091954,
			"y" : 0.120567375886525,
			"midiNote" : 64
		}
, 		{
			"x" : 0.84367816091954,
			"y" : 0.208037825059102,
			"midiNote" : 62
		}
, 		{
			"x" : 0.839080459770115,
			"y" : 0.297872340425532,
			"midiNote" : 60
		}
, 		{
			"x" : 0.83448275862069,
			"y" : 0.382978723404255,
			"midiNote" : 59
		}
, 		{
			"x" : 0.83448275862069,
			"y" : 0.567375886524823,
			"midiNote" : 55
		}
, 		{
			"x" : 0.940229885057471,
			"y" : 0.607565011820331,
			"midiNote" : 44
		}
, 		{
			"x" : 0.83448275862069,
			"y" : 0.825059101654846,
			"midiNote" : 50
		}
, 		{
			"x" : 0.47816091954023,
			"y" : 0.943262411347518,
			"midiNote" : 51
		}
, 		{
			"x" : 0.489655172413793,
			"y" : 0.75886524822695,
			"midiNote" : 56
		}
, 		{
			"x" : 0.48735632183908,
			"y" : 0.66193853427896,
			"midiNote" : 58
		}
, 		{
			"x" : 0.491954022988506,
			"y" : 0.553191489361702,
			"midiNote" : 61
		}
, 		{
			"x" : 0.937931034482759,
			"y" : 0.231678486997636,
			"midiNote" : 49
		}
, 		{
			"x" : 0.836781609195402,
			"y" : 0.472813238770686,
			"midiNote" : 57
		}
, 		{
			"x" : 0.951724137931034,
			"y" : 0.404255319148936,
			"midiNote" : 46
		}
, 		{
			"x" : 0.83448275862069,
			"y" : 0.654846335697399,
			"midiNote" : 53
		}
, 		{
			"x" : 0.836781609195402,
			"y" : 0.735224586288416,
			"midiNote" : 52
		}
, 		{
			"x" : 0.928735632183908,
			"y" : 0.853427895981087,
			"midiNote" : 42
		}
, 		{
			"x" : 0.829885057471264,
			"y" : 0.914893617021277,
			"midiNote" : 48
		}
, 		{
			"x" : 0.480459770114943,
			"y" : 0.853427895981087,
			"midiNote" : 54
		}
, 		{
			"x" : 0.496551724137931,
			"y" : 0.453900709219858,
			"midiNote" : 63
		}
, 		{
			"x" : 0.498850574712644,
			"y" : 0.342789598108747,
			"midiNote" : 66
		}
, 		{
			"x" : 0.501149425287356,
			"y" : 0.226950354609929,
			"midiNote" : 68
		}
, 		{
			"x" : 0.505747126436782,
			"y" : 0.113475177304965,
			"midiNote" : 70
		}
, 		{
			"x" : 0.15632183908046,
			"y" : 0.955082742316785,
			"midiNote" : 67
		}
, 		{
			"x" : 0.064367816091954,
			"y" : 0.862884160756501,
			"midiNote" : 73
		}
, 		{
			"x" : 0.158620689655172,
			"y" : 0.858156028368794,
			"midiNote" : 69
		}
, 		{
			"x" : 0.16551724137931,
			"y" : 0.765957446808511,
			"midiNote" : 71
		}
, 		{
			"x" : 0.163218390804598,
			"y" : 0.685579196217494,
			"midiNote" : 72
		}
, 		{
			"x" : 0.052873563218391,
			"y" : 0.723404255319149,
			"midiNote" : 75
		}
, 		{
			"x" : 0.163218390804598,
			"y" : 0.581560283687943,
			"midiNote" : 74
		}
, 		{
			"x" : 0.062068965517241,
			"y" : 0.550827423167849,
			"midiNote" : 78
		}
, 		{
			"x" : 0.16551724137931,
			"y" : 0.475177304964539,
			"midiNote" : 76
		}
, 		{
			"x" : 0.160919540229885,
			"y" : 0.361702127659574,
			"midiNote" : 77
		}
, 		{
			"x" : 0.07816091954023,
			"y" : 0.380614657210402,
			"midiNote" : 80
		}
, 		{
			"x" : 0.170114942528736,
			"y" : 0.25531914893617,
			"midiNote" : 79
		}
, 		{
			"x" : 0.172413793103448,
			"y" : 0.153664302600473,
			"midiNote" : 81
		}
, 		{
			"x" : 0,
			"y" : 1,
			"midiNote" : 0
		}
, 		{
			"x" : 0.177011494252874,
			"y" : 0.059101654846336,
			"midiNote" : 83
		}
, 		{
			"x" : 0.094252873563218,
			"y" : 0.198581560283688,
			"midiNote" : 82
		}
 ]
}
