{
	"numNodes" : 40,
	"config" : [ 		{
			"x" : 0.508045977011494,
			"y" : 1,
			"midiNote" : 0
		}
, 		{
			"x" : 0.514942528735632,
			"y" : 1,
			"midiNote" : 0
		}
, 		{
			"x" : 0.519540229885057,
			"y" : 1,
			"midiNote" : 0
		}
, 		{
			"x" : 0.517241379310345,
			"y" : 1,
			"midiNote" : 0
		}
, 		{
			"x" : 0.524137931034483,
			"y" : 1,
			"midiNote" : 0
		}
, 		{
			"x" : 0.533333333333333,
			"y" : 1,
			"midiNote" : 0
		}
, 		{
			"x" : 0.528735632183908,
			"y" : 1,
			"midiNote" : 0
		}
, 		{
			"x" : 0.512643678160919,
			"y" : 1,
			"midiNote" : 0
		}
, 		{
			"x" : 0.512643678160919,
			"y" : 1,
			"midiNote" : 0
		}
, 		{
			"x" : 0.52183908045977,
			"y" : 1,
			"midiNote" : 0
		}
, 		{
			"x" : 0.519540229885057,
			"y" : 1,
			"midiNote" : 0
		}
, 		{
			"x" : 0.528735632183908,
			"y" : 1,
			"midiNote" : 0
		}
, 		{
			"x" : 0.524137931034483,
			"y" : 1,
			"midiNote" : 0
		}
, 		{
			"x" : 0.533333333333333,
			"y" : 1,
			"midiNote" : 0
		}
, 		{
			"x" : 0.524137931034483,
			"y" : 1,
			"midiNote" : 0
		}
, 		{
			"x" : 0.514942528735632,
			"y" : 0.997635933806147,
			"midiNote" : 0
		}
, 		{
			"x" : 0.514942528735632,
			"y" : 1,
			"midiNote" : 0
		}
, 		{
			"x" : 0.52183908045977,
			"y" : 1,
			"midiNote" : 0
		}
, 		{
			"x" : 0.512643678160919,
			"y" : 1,
			"midiNote" : 0
		}
, 		{
			"x" : 0.517241379310345,
			"y" : 1,
			"midiNote" : 0
		}
, 		{
			"x" : 0.519540229885057,
			"y" : 1,
			"midiNote" : 0
		}
, 		{
			"x" : 0.526436781609195,
			"y" : 1,
			"midiNote" : 0
		}
, 		{
			"x" : 0.512643678160919,
			"y" : 1,
			"midiNote" : 0
		}
, 		{
			"x" : 0.535632183908046,
			"y" : 1,
			"midiNote" : 0
		}
, 		{
			"x" : 0.519540229885057,
			"y" : 0.789598108747045,
			"midiNote" : 53
		}
, 		{
			"x" : 0.76551724137931,
			"y" : 0.621749408983452,
			"midiNote" : 38
		}
, 		{
			"x" : 0.767816091954023,
			"y" : 0.314420803782506,
			"midiNote" : 40
		}
, 		{
			"x" : 0.514942528735632,
			"y" : 0.205673758865248,
			"midiNote" : 41
		}
, 		{
			"x" : 0.301149425287356,
			"y" : 0.26241134751773,
			"midiNote" : 43
		}
, 		{
			"x" : 0.629885057471264,
			"y" : 0.553191489361702,
			"midiNote" : 37
		}
, 		{
			"x" : 0.542528735632184,
			"y" : 0.408983451536643,
			"midiNote" : 39
		}
, 		{
			"x" : 0.285057471264368,
			"y" : 0.456264775413712,
			"midiNote" : 42
		}
, 		{
			"x" : 0.5,
			"y" : 0.5,
			"midiNote" : 0
		}
, 		{
			"x" : 0.5,
			"y" : 0.5,
			"midiNote" : 0
		}
, 		{
			"x" : 0.5,
			"y" : 0.5,
			"midiNote" : 0
		}
, 		{
			"x" : 0.5,
			"y" : 0.5,
			"midiNote" : 0
		}
, 		{
			"x" : 0.5,
			"y" : 0.5,
			"midiNote" : 0
		}
, 		{
			"x" : 0.5,
			"y" : 0.5,
			"midiNote" : 0
		}
, 		{
			"x" : 0.5,
			"y" : 0.5,
			"midiNote" : 0
		}
, 		{
			"x" : 0.5,
			"y" : 0.5,
			"midiNote" : 0
		}
 ]
}
