{
	"numNodes" : 40,
	"config" : [ 		{
			"x" : 0.062068965517241,
			"y" : 1,
			"midiNote" : 0
		}
, 		{
			"x" : 0,
			"y" : 1,
			"midiNote" : 0
		}
, 		{
			"x" : 0.064367816091954,
			"y" : 0.957446808510638,
			"midiNote" : 0
		}
, 		{
			"x" : 0.04367816091954,
			"y" : 1,
			"midiNote" : 0
		}
, 		{
			"x" : 0.039080459770115,
			"y" : 1,
			"midiNote" : 0
		}
, 		{
			"x" : 0.027586206896552,
			"y" : 0.997635933806147,
			"midiNote" : 0
		}
, 		{
			"x" : 0.041379310344828,
			"y" : 1,
			"midiNote" : 0
		}
, 		{
			"x" : 0.039080459770115,
			"y" : 1,
			"midiNote" : 0
		}
, 		{
			"x" : 0.055172413793103,
			"y" : 1,
			"midiNote" : 0
		}
, 		{
			"x" : 0.048275862068966,
			"y" : 1,
			"midiNote" : 0
		}
, 		{
			"x" : 0.045977011494253,
			"y" : 0.978723404255319,
			"midiNote" : 0
		}
, 		{
			"x" : 0.050574712643678,
			"y" : 0.985815602836879,
			"midiNote" : 0
		}
, 		{
			"x" : 0,
			"y" : 0.936170212765957,
			"midiNote" : 0
		}
, 		{
			"x" : 0,
			"y" : 0.99290780141844,
			"midiNote" : 0
		}
, 		{
			"x" : 0.009195402298851,
			"y" : 0.981087470449173,
			"midiNote" : 0
		}
, 		{
			"x" : 0.016091954022989,
			"y" : 0.988179669030733,
			"midiNote" : 0
		}
, 		{
			"x" : 0.029885057471264,
			"y" : 0.952718676122931,
			"midiNote" : 0
		}
, 		{
			"x" : 0,
			"y" : 0.957446808510638,
			"midiNote" : 0
		}
, 		{
			"x" : 0.04367816091954,
			"y" : 0.981087470449173,
			"midiNote" : 0
		}
, 		{
			"x" : 0.022988505747126,
			"y" : 0.966903073286052,
			"midiNote" : 0
		}
, 		{
			"x" : 0,
			"y" : 1,
			"midiNote" : 0
		}
, 		{
			"x" : 0.029885057471264,
			"y" : 0.995271867612293,
			"midiNote" : 0
		}
, 		{
			"x" : 0.020689655172414,
			"y" : 1,
			"midiNote" : 0
		}
, 		{
			"x" : 0.016091954022989,
			"y" : 1,
			"midiNote" : 0
		}
, 		{
			"x" : 0.082758620689655,
			"y" : 0.378250591016548,
			"midiNote" : 54
		}
, 		{
			"x" : 0.186206896551724,
			"y" : 0.281323877068558,
			"midiNote" : 51
		}
, 		{
			"x" : 0.193103448275862,
			"y" : 0.929078014184397,
			"midiNote" : 0
		}
, 		{
			"x" : 0.317241379310345,
			"y" : 0.692671394799054,
			"midiNote" : 0
		}
, 		{
			"x" : 0.358620689655172,
			"y" : 0.988179669030733,
			"midiNote" : 0
		}
, 		{
			"x" : 0.450574712643678,
			"y" : 1,
			"midiNote" : 0
		}
, 		{
			"x" : 0.36551724137931,
			"y" : 0.170212765957447,
			"midiNote" : 49
		}
, 		{
			"x" : 0.103448275862069,
			"y" : 0.650118203309693,
			"midiNote" : 56
		}
, 		{
			"x" : 0.652873563218391,
			"y" : 0.612293144208038,
			"midiNote" : 61
		}
, 		{
			"x" : 0.754022988505747,
			"y" : 0.302600472813239,
			"midiNote" : 44
		}
, 		{
			"x" : 0.864367816091954,
			"y" : 0.442080378250591,
			"midiNote" : 42
		}
, 		{
			"x" : 0.581609195402299,
			"y" : 0.186761229314421,
			"midiNote" : 46
		}
, 		{
			"x" : 0.542528735632184,
			"y" : 0.517730496453901,
			"midiNote" : 58
		}
, 		{
			"x" : 0.236781609195402,
			"y" : 1,
			"midiNote" : 0
		}
, 		{
			"x" : 0.735632183908046,
			"y" : 0.808510638297872,
			"midiNote" : 37
		}
, 		{
			"x" : 0.836781609195402,
			"y" : 0.598108747044917,
			"midiNote" : 39
		}
 ]
}
