{
	"numNodes" : 40,
	"config" : [ 		{
			"x" : 0.009195402298851,
			"y" : 0.728132387706856,
			"midiNote" : 0
		}
, 		{
			"x" : 0,
			"y" : 0.697399527186761,
			"midiNote" : 0
		}
, 		{
			"x" : 0,
			"y" : 0.647754137115839,
			"midiNote" : 0
		}
, 		{
			"x" : 0,
			"y" : 0.600472813238771,
			"midiNote" : 0
		}
, 		{
			"x" : 0,
			"y" : 0.58628841607565,
			"midiNote" : 0
		}
, 		{
			"x" : 0,
			"y" : 0.718676122931442,
			"midiNote" : 0
		}
, 		{
			"x" : 0,
			"y" : 0.695035460992908,
			"midiNote" : 0
		}
, 		{
			"x" : 0,
			"y" : 0.685579196217494,
			"midiNote" : 0
		}
, 		{
			"x" : 0,
			"y" : 0.718676122931442,
			"midiNote" : 0
		}
, 		{
			"x" : 0,
			"y" : 0.666666666666667,
			"midiNote" : 0
		}
, 		{
			"x" : 0,
			"y" : 0.666666666666667,
			"midiNote" : 0
		}
, 		{
			"x" : 0.018390804597701,
			"y" : 0.683215130023641,
			"midiNote" : 0
		}
, 		{
			"x" : 0,
			"y" : 0.695035460992908,
			"midiNote" : 0
		}
, 		{
			"x" : 0,
			"y" : 0.735224586288416,
			"midiNote" : 0
		}
, 		{
			"x" : 0,
			"y" : 0.747044917257683,
			"midiNote" : 0
		}
, 		{
			"x" : 0,
			"y" : 0.683215130023641,
			"midiNote" : 0
		}
, 		{
			"x" : 0,
			"y" : 0.735224586288416,
			"midiNote" : 0
		}
, 		{
			"x" : 0,
			"y" : 0.718676122931442,
			"midiNote" : 0
		}
, 		{
			"x" : 0,
			"y" : 0.687943262411348,
			"midiNote" : 0
		}
, 		{
			"x" : 0,
			"y" : 0.74468085106383,
			"midiNote" : 0
		}
, 		{
			"x" : 0,
			"y" : 0.865248226950355,
			"midiNote" : 0
		}
, 		{
			"x" : 0,
			"y" : 0.730496453900709,
			"midiNote" : 0
		}
, 		{
			"x" : 0,
			"y" : 0.780141843971631,
			"midiNote" : 0
		}
, 		{
			"x" : 0,
			"y" : 0.737588652482269,
			"midiNote" : 0
		}
, 		{
			"x" : 0.379310344827586,
			"y" : 0.763593380614657,
			"midiNote" : 36
		}
, 		{
			"x" : 0.537931034482759,
			"y" : 0.787234042553192,
			"midiNote" : 38
		}
, 		{
			"x" : 0.710344827586207,
			"y" : 0.739952718676123,
			"midiNote" : 40
		}
, 		{
			"x" : 0.811494252873563,
			"y" : 0.550827423167849,
			"midiNote" : 41
		}
, 		{
			"x" : 0.204597701149425,
			"y" : 0.57210401891253,
			"midiNote" : 43
		}
, 		{
			"x" : 0.177011494252874,
			"y" : 0.453900709219858,
			"midiNote" : 45
		}
, 		{
			"x" : 0.204597701149425,
			"y" : 0.252955082742317,
			"midiNote" : 47
		}
, 		{
			"x" : 0.491954022988506,
			"y" : 0.208037825059102,
			"midiNote" : 48
		}
, 		{
			"x" : 0.650574712643678,
			"y" : 0.210401891252955,
			"midiNote" : 50
		}
, 		{
			"x" : 0.779310344827586,
			"y" : 0.32387706855792,
			"midiNote" : 52
		}
, 		{
			"x" : 0.5,
			"y" : 0.5,
			"midiNote" : 53
		}
, 		{
			"x" : 0.5,
			"y" : 0.5,
			"midiNote" : 0
		}
, 		{
			"x" : 0.5,
			"y" : 0.5,
			"midiNote" : 0
		}
, 		{
			"x" : 0.5,
			"y" : 0.5,
			"midiNote" : 0
		}
, 		{
			"x" : 0.5,
			"y" : 0.5,
			"midiNote" : 0
		}
, 		{
			"x" : 0.5,
			"y" : 0.5,
			"midiNote" : 0
		}
 ]
}
