{
	"numNodes" : 40,
	"config" : [ 		{
			"x" : 0.641379310344828,
			"y" : 0.073286052009456,
			"midiNote" : 42
		}
, 		{
			"x" : 0.586206896551724,
			"y" : 0.186761229314421,
			"midiNote" : 47
		}
, 		{
			"x" : 0.675862068965517,
			"y" : 0.196217494089835,
			"midiNote" : 48
		}
, 		{
			"x" : 0.818390804597701,
			"y" : 0.063829787234043,
			"midiNote" : 44
		}
, 		{
			"x" : 0.770114942528736,
			"y" : 0.196217494089835,
			"midiNote" : 50
		}
, 		{
			"x" : 0.944827586206897,
			"y" : 0.191489361702128,
			"midiNote" : 53
		}
, 		{
			"x" : 0.862068965517241,
			"y" : 0.189125295508274,
			"midiNote" : 52
		}
, 		{
			"x" : 0.924137931034483,
			"y" : 0.392434988179669,
			"midiNote" : 66
		}
, 		{
			"x" : 0.648275862068965,
			"y" : 0.401891252955083,
			"midiNote" : 56
		}
, 		{
			"x" : 0.485057471264368,
			"y" : 0.200945626477541,
			"midiNote" : 45
		}
, 		{
			"x" : 0.4,
			"y" : 0.203309692671395,
			"midiNote" : 43
		}
, 		{
			"x" : 0.786206896551724,
			"y" : 0.397163120567376,
			"midiNote" : 61
		}
, 		{
			"x" : 0.747126436781609,
			"y" : 0.817966903073286,
			"midiNote" : 67
		}
, 		{
			"x" : 0.894252873563218,
			"y" : 0.936170212765957,
			"midiNote" : 78
		}
, 		{
			"x" : 0.928735632183908,
			"y" : 0.815602836879433,
			"midiNote" : 71
		}
, 		{
			"x" : 0.848275862068966,
			"y" : 0.815602836879433,
			"midiNote" : 69
		}
, 		{
			"x" : 0,
			"y" : 1,
			"midiNote" : 0
		}
, 		{
			"x" : 0.47816091954023,
			"y" : 0.92434988179669,
			"midiNote" : 73
		}
, 		{
			"x" : 0.441379310344828,
			"y" : 0.83451536643026,
			"midiNote" : 62
		}
, 		{
			"x" : 0.866666666666667,
			"y" : 0.50354609929078,
			"midiNote" : 63
		}
, 		{
			"x" : 0.689655172413793,
			"y" : 0.936170212765957,
			"midiNote" : 75
		}
, 		{
			"x" : 0.648275862068965,
			"y" : 0.815602836879433,
			"midiNote" : 65
		}
, 		{
			"x" : 0.540229885057471,
			"y" : 0.829787234042553,
			"midiNote" : 64
		}
, 		{
			"x" : 0.701149425287356,
			"y" : 0.51063829787234,
			"midiNote" : 58
		}
, 		{
			"x" : 0.314942528735632,
			"y" : 0.442080378250591,
			"midiNote" : 51
		}
, 		{
			"x" : 0.124137931034483,
			"y" : 0.439716312056738,
			"midiNote" : 46
		}
, 		{
			"x" : 0.068965517241379,
			"y" : 0.208037825059102,
			"midiNote" : 36
		}
, 		{
			"x" : 0.23448275862069,
			"y" : 0.203309692671395,
			"midiNote" : 40
		}
, 		{
			"x" : 0.144827586206897,
			"y" : 0.205673758865248,
			"midiNote" : 38
		}
, 		{
			"x" : 0.204597701149425,
			"y" : 0.08274231678487,
			"midiNote" : 37
		}
, 		{
			"x" : 0.31264367816092,
			"y" : 0.208037825059102,
			"midiNote" : 41
		}
, 		{
			"x" : 0.349425287356322,
			"y" : 0.08274231678487,
			"midiNote" : 39
		}
, 		{
			"x" : 0.390804597701149,
			"y" : 0.531914893617021,
			"midiNote" : 54
		}
, 		{
			"x" : 0.211494252873563,
			"y" : 0.531914893617021,
			"midiNote" : 49
		}
, 		{
			"x" : 0.064367816091954,
			"y" : 0.848699763593381,
			"midiNote" : 55
		}
, 		{
			"x" : 0.15632183908046,
			"y" : 0.853427895981087,
			"midiNote" : 57
		}
, 		{
			"x" : 0.124137931034483,
			"y" : 0.952718676122931,
			"midiNote" : 68
		}
, 		{
			"x" : 0.252873563218391,
			"y" : 0.848699763593381,
			"midiNote" : 59
		}
, 		{
			"x" : 0.354022988505747,
			"y" : 0.846335697399527,
			"midiNote" : 60
		}
, 		{
			"x" : 0.294252873563218,
			"y" : 0.943262411347518,
			"midiNote" : 70
		}
 ]
}
