{
	"numNodes" : 40,
	"config" : [ 		{
			"x" : 0.84367816091954,
			"y" : 0.047281323877069,
			"midiNote" : 53
		}
, 		{
			"x" : 0.84367816091954,
			"y" : 0.120567375886525,
			"midiNote" : 55
		}
, 		{
			"x" : 0.841379310344828,
			"y" : 0.217494089834515,
			"midiNote" : 57
		}
, 		{
			"x" : 0.926436781609195,
			"y" : 0.25531914893617,
			"midiNote" : 73
		}
, 		{
			"x" : 0.928735632183908,
			"y" : 0.534278959810875,
			"midiNote" : 75
		}
, 		{
			"x" : 0.928735632183908,
			"y" : 0.702127659574468,
			"midiNote" : 78
		}
, 		{
			"x" : 0.845977011494253,
			"y" : 0.773049645390071,
			"midiNote" : 67
		}
, 		{
			"x" : 0.841379310344828,
			"y" : 0.971631205673759,
			"midiNote" : 71
		}
, 		{
			"x" : 0.494252873563218,
			"y" : 0.340425531914894,
			"midiNote" : 58
		}
, 		{
			"x" : 0.496551724137931,
			"y" : 0.236406619385343,
			"midiNote" : 56
		}
, 		{
			"x" : 0.491954022988506,
			"y" : 0.151300236406619,
			"midiNote" : 54
		}
, 		{
			"x" : 0.494252873563218,
			"y" : 0.063829787234043,
			"midiNote" : 51
		}
, 		{
			"x" : 0.84367816091954,
			"y" : 0.316784869976359,
			"midiNote" : 59
		}
, 		{
			"x" : 0.841379310344828,
			"y" : 0.404255319148936,
			"midiNote" : 60
		}
, 		{
			"x" : 0.841379310344828,
			"y" : 0.49645390070922,
			"midiNote" : 62
		}
, 		{
			"x" : 0.841379310344828,
			"y" : 0.591016548463357,
			"midiNote" : 64
		}
, 		{
			"x" : 0.839080459770115,
			"y" : 0.671394799054373,
			"midiNote" : 65
		}
, 		{
			"x" : 0.942528735632184,
			"y" : 0.905437352245863,
			"midiNote" : 80
		}
, 		{
			"x" : 0.84367816091954,
			"y" : 0.872340425531915,
			"midiNote" : 69
		}
, 		{
			"x" : 0.485057471264368,
			"y" : 0.872340425531915,
			"midiNote" : 70
		}
, 		{
			"x" : 0.48735632183908,
			"y" : 0.768321513002364,
			"midiNote" : 68
		}
, 		{
			"x" : 0.48735632183908,
			"y" : 0.659574468085106,
			"midiNote" : 66
		}
, 		{
			"x" : 0.485057471264368,
			"y" : 0.546099290780142,
			"midiNote" : 63
		}
, 		{
			"x" : 0.491954022988506,
			"y" : 0.444444444444444,
			"midiNote" : 61
		}
, 		{
			"x" : 0.158620689655172,
			"y" : 0.962174940898345,
			"midiNote" : 36
		}
, 		{
			"x" : 0.082758620689655,
			"y" : 0.912529550827423,
			"midiNote" : 37
		}
, 		{
			"x" : 0.154022988505747,
			"y" : 0.862884160756501,
			"midiNote" : 38
		}
, 		{
			"x" : 0.15632183908046,
			"y" : 0.784869976359338,
			"midiNote" : 40
		}
, 		{
			"x" : 0.071264367816092,
			"y" : 0.730496453900709,
			"midiNote" : 39
		}
, 		{
			"x" : 0.15632183908046,
			"y" : 0.685579196217494,
			"midiNote" : 41
		}
, 		{
			"x" : 0.154022988505747,
			"y" : 0.59338061465721,
			"midiNote" : 43
		}
, 		{
			"x" : 0.075862068965517,
			"y" : 0.550827423167849,
			"midiNote" : 42
		}
, 		{
			"x" : 0.149425287356322,
			"y" : 0.484633569739953,
			"midiNote" : 45
		}
, 		{
			"x" : 0.149425287356322,
			"y" : 0.390070921985816,
			"midiNote" : 47
		}
, 		{
			"x" : 0.059770114942529,
			"y" : 0.347517730496454,
			"midiNote" : 44
		}
, 		{
			"x" : 0.144827586206897,
			"y" : 0.281323877068558,
			"midiNote" : 48
		}
, 		{
			"x" : 0.144827586206897,
			"y" : 0.186761229314421,
			"midiNote" : 50
		}
, 		{
			"x" : 0.068965517241379,
			"y" : 0.146572104018913,
			"midiNote" : 46
		}
, 		{
			"x" : 0.160919540229885,
			"y" : 0.061465721040189,
			"midiNote" : 52
		}
, 		{
			"x" : 0,
			"y" : 1,
			"midiNote" : 0
		}
 ]
}
