{
	"numNodes" : 40,
	"config" : [ 		{
			"x" : 0.503448275862069,
			"y" : 0.085106382978723,
			"midiNote" : 38
		}
, 		{
			"x" : 0.744827586206897,
			"y" : 0.08983451536643,
			"midiNote" : 40
		}
, 		{
			"x" : 0.924137931034483,
			"y" : 0.189125295508274,
			"midiNote" : 60
		}
, 		{
			"x" : 0.924137931034483,
			"y" : 0.335697399527187,
			"midiNote" : 62
		}
, 		{
			"x" : 0.924137931034483,
			"y" : 0.48936170212766,
			"midiNote" : 64
		}
, 		{
			"x" : 0.919540229885057,
			"y" : 0.678486997635934,
			"midiNote" : 65
		}
, 		{
			"x" : 0.845977011494253,
			"y" : 0.829787234042553,
			"midiNote" : 67
		}
, 		{
			"x" : 0.719540229885058,
			"y" : 0.959810874704492,
			"midiNote" : 69
		}
, 		{
			"x" : 0.524137931034483,
			"y" : 0.725768321513002,
			"midiNote" : 74
		}
, 		{
			"x" : 0.445977011494253,
			"y" : 0.83451536643026,
			"midiNote" : 43
		}
, 		{
			"x" : 0.498850574712644,
			"y" : 0.380614657210402,
			"midiNote" : 45
		}
, 		{
			"x" : 0.641379310344828,
			"y" : 0.730496453900709,
			"midiNote" : 72
		}
, 		{
			"x" : 0.050574712643678,
			"y" : 0.191489361702128,
			"midiNote" : 48
		}
, 		{
			"x" : 0.055172413793103,
			"y" : 0.326241134751773,
			"midiNote" : 50
		}
, 		{
			"x" : 0.062068965517241,
			"y" : 0.453900709219858,
			"midiNote" : 52
		}
, 		{
			"x" : 0.317241379310345,
			"y" : 0.08983451536643,
			"midiNote" : 36
		}
, 		{
			"x" : 0.101149425287356,
			"y" : 0.692671394799054,
			"midiNote" : 53
		}
, 		{
			"x" : 0.188505747126437,
			"y" : 0.808510638297872,
			"midiNote" : 55
		}
, 		{
			"x" : 0.03448275862069,
			"y" : 0.964539007092199,
			"midiNote" : 0
		}
, 		{
			"x" : 0.310344827586207,
			"y" : 0.947990543735225,
			"midiNote" : 57
		}
, 		{
			"x" : 0.367816091954023,
			"y" : 0.730496453900709,
			"midiNote" : 76
		}
, 		{
			"x" : 0.445977011494253,
			"y" : 0.643026004728132,
			"midiNote" : 41
		}
, 		{
			"x" : 0.5,
			"y" : 0.5,
			"midiNote" : 0
		}
, 		{
			"x" : 0.5,
			"y" : 0.5,
			"midiNote" : 0
		}
, 		{
			"x" : 0.5,
			"y" : 0.5,
			"midiNote" : 0
		}
, 		{
			"x" : 0.5,
			"y" : 0.5,
			"midiNote" : 0
		}
, 		{
			"x" : 0.5,
			"y" : 0.5,
			"midiNote" : 0
		}
, 		{
			"x" : 0.5,
			"y" : 0.5,
			"midiNote" : 0
		}
, 		{
			"x" : 0.5,
			"y" : 0.5,
			"midiNote" : 0
		}
, 		{
			"x" : 0.5,
			"y" : 0.5,
			"midiNote" : 0
		}
, 		{
			"x" : 0.5,
			"y" : 0.5,
			"midiNote" : 0
		}
, 		{
			"x" : 0.5,
			"y" : 0.5,
			"midiNote" : 0
		}
, 		{
			"x" : 0.5,
			"y" : 0.5,
			"midiNote" : 0
		}
, 		{
			"x" : 0.5,
			"y" : 0.5,
			"midiNote" : 0
		}
, 		{
			"x" : 0.5,
			"y" : 0.5,
			"midiNote" : 0
		}
, 		{
			"x" : 0.5,
			"y" : 0.5,
			"midiNote" : 0
		}
, 		{
			"x" : 0.5,
			"y" : 0.5,
			"midiNote" : 0
		}
, 		{
			"x" : 0.5,
			"y" : 0.5,
			"midiNote" : 0
		}
, 		{
			"x" : 0.5,
			"y" : 0.5,
			"midiNote" : 0
		}
, 		{
			"x" : 0.5,
			"y" : 0.5,
			"midiNote" : 0
		}
 ]
}
