{
	"numNodes" : 40,
	"config" : [ 		{
			"x" : 0,
			"y" : 1,
			"midiNote" : 0
		}
, 		{
			"x" : 0,
			"y" : 1,
			"midiNote" : 0
		}
, 		{
			"x" : 0,
			"y" : 1,
			"midiNote" : 0
		}
, 		{
			"x" : 0,
			"y" : 1,
			"midiNote" : 0
		}
, 		{
			"x" : 0,
			"y" : 1,
			"midiNote" : 0
		}
, 		{
			"x" : 0,
			"y" : 1,
			"midiNote" : 0
		}
, 		{
			"x" : 0,
			"y" : 1,
			"midiNote" : 0
		}
, 		{
			"x" : 0,
			"y" : 1,
			"midiNote" : 0
		}
, 		{
			"x" : 0,
			"y" : 1,
			"midiNote" : 0
		}
, 		{
			"x" : 0,
			"y" : 1,
			"midiNote" : 0
		}
, 		{
			"x" : 0,
			"y" : 1,
			"midiNote" : 0
		}
, 		{
			"x" : 0,
			"y" : 1,
			"midiNote" : 0
		}
, 		{
			"x" : 0,
			"y" : 0.945626477541371,
			"midiNote" : 0
		}
, 		{
			"x" : 0,
			"y" : 1,
			"midiNote" : 0
		}
, 		{
			"x" : 0,
			"y" : 1,
			"midiNote" : 0
		}
, 		{
			"x" : 0,
			"y" : 1,
			"midiNote" : 0
		}
, 		{
			"x" : 0,
			"y" : 1,
			"midiNote" : 0
		}
, 		{
			"x" : 0,
			"y" : 1,
			"midiNote" : 0
		}
, 		{
			"x" : 0,
			"y" : 1,
			"midiNote" : 0
		}
, 		{
			"x" : 0,
			"y" : 1,
			"midiNote" : 0
		}
, 		{
			"x" : 0,
			"y" : 1,
			"midiNote" : 0
		}
, 		{
			"x" : 0,
			"y" : 1,
			"midiNote" : 0
		}
, 		{
			"x" : 0,
			"y" : 0.997635933806147,
			"midiNote" : 0
		}
, 		{
			"x" : 0,
			"y" : 1,
			"midiNote" : 0
		}
, 		{
			"x" : 0.871264367816092,
			"y" : 0.189125295508274,
			"midiNote" : 47
		}
, 		{
			"x" : 0.639080459770115,
			"y" : 0.191489361702128,
			"midiNote" : 43
		}
, 		{
			"x" : 0.519540229885057,
			"y" : 0.191489361702128,
			"midiNote" : 41
		}
, 		{
			"x" : 0.222988505747126,
			"y" : 0.725768321513002,
			"midiNote" : 50
		}
, 		{
			"x" : 0.857471264367816,
			"y" : 0.536643026004728,
			"midiNote" : 37
		}
, 		{
			"x" : 0.606896551724138,
			"y" : 0.737588652482269,
			"midiNote" : 55
		}
, 		{
			"x" : 0.836781609195402,
			"y" : 0.728132387706856,
			"midiNote" : 59
		}
, 		{
			"x" : 0.466666666666667,
			"y" : 0.735224586288416,
			"midiNote" : 53
		}
, 		{
			"x" : 0.257471264367816,
			"y" : 0.210401891252955,
			"midiNote" : 38
		}
, 		{
			"x" : 0.374712643678161,
			"y" : 0.198581560283688,
			"midiNote" : 40
		}
, 		{
			"x" : 0.731034482758621,
			"y" : 0.742316784869976,
			"midiNote" : 57
		}
, 		{
			"x" : 0.758620689655172,
			"y" : 0.184397163120567,
			"midiNote" : 45
		}
, 		{
			"x" : 0.889655172413793,
			"y" : 0.900709219858156,
			"midiNote" : 60
		}
, 		{
			"x" : 0.137931034482759,
			"y" : 0.208037825059102,
			"midiNote" : 36
		}
, 		{
			"x" : 0.347126436781609,
			"y" : 0.737588652482269,
			"midiNote" : 52
		}
, 		{
			"x" : 0.108045977011494,
			"y" : 0.732860520094563,
			"midiNote" : 48
		}
 ]
}
