{
	"numNodes" : 40,
	"config" : [ 		{
			"x" : 0,
			"y" : 1,
			"midiNote" : 0
		}
, 		{
			"x" : 0,
			"y" : 1,
			"midiNote" : 0
		}
, 		{
			"x" : 0,
			"y" : 1,
			"midiNote" : 0
		}
, 		{
			"x" : 0,
			"y" : 1,
			"midiNote" : 0
		}
, 		{
			"x" : 0,
			"y" : 1,
			"midiNote" : 0
		}
, 		{
			"x" : 0,
			"y" : 1,
			"midiNote" : 0
		}
, 		{
			"x" : 0,
			"y" : 1,
			"midiNote" : 0
		}
, 		{
			"x" : 0,
			"y" : 1,
			"midiNote" : 0
		}
, 		{
			"x" : 0,
			"y" : 1,
			"midiNote" : 0
		}
, 		{
			"x" : 0,
			"y" : 1,
			"midiNote" : 0
		}
, 		{
			"x" : 0,
			"y" : 1,
			"midiNote" : 0
		}
, 		{
			"x" : 0,
			"y" : 1,
			"midiNote" : 0
		}
, 		{
			"x" : 0,
			"y" : 0.945626477541371,
			"midiNote" : 0
		}
, 		{
			"x" : 0,
			"y" : 1,
			"midiNote" : 0
		}
, 		{
			"x" : 0,
			"y" : 1,
			"midiNote" : 0
		}
, 		{
			"x" : 0,
			"y" : 1,
			"midiNote" : 0
		}
, 		{
			"x" : 0,
			"y" : 1,
			"midiNote" : 0
		}
, 		{
			"x" : 0,
			"y" : 1,
			"midiNote" : 0
		}
, 		{
			"x" : 0,
			"y" : 1,
			"midiNote" : 0
		}
, 		{
			"x" : 0,
			"y" : 1,
			"midiNote" : 0
		}
, 		{
			"x" : 0,
			"y" : 1,
			"midiNote" : 0
		}
, 		{
			"x" : 0,
			"y" : 1,
			"midiNote" : 0
		}
, 		{
			"x" : 0,
			"y" : 0.997635933806147,
			"midiNote" : 0
		}
, 		{
			"x" : 0,
			"y" : 1,
			"midiNote" : 0
		}
, 		{
			"x" : 0.894252873563218,
			"y" : 0.628841607565012,
			"midiNote" : 60
		}
, 		{
			"x" : 0.524137931034483,
			"y" : 0.42789598108747,
			"midiNote" : 50
		}
, 		{
			"x" : 0.579310344827586,
			"y" : 0.139479905437352,
			"midiNote" : 52
		}
, 		{
			"x" : 0.733333333333333,
			"y" : 0.848699763593381,
			"midiNote" : 36
		}
, 		{
			"x" : 0.383908045977012,
			"y" : 0.877068557919622,
			"midiNote" : 37
		}
, 		{
			"x" : 0.570114942528736,
			"y" : 0.84160756501182,
			"midiNote" : 48
		}
, 		{
			"x" : 0.317241379310345,
			"y" : 0.356973995271868,
			"midiNote" : 55
		}
, 		{
			"x" : 0.758620689655172,
			"y" : 0.567375886524823,
			"midiNote" : 47
		}
, 		{
			"x" : 0.471264367816092,
			"y" : 0.257683215130024,
			"midiNote" : 41
		}
, 		{
			"x" : 0.360919540229885,
			"y" : 0.591016548463357,
			"midiNote" : 45
		}
, 		{
			"x" : 0.680459770114943,
			"y" : 0.463356973995272,
			"midiNote" : 53
		}
, 		{
			"x" : 0.577011494252874,
			"y" : 0.598108747044917,
			"midiNote" : 57
		}
, 		{
			"x" : 0.818390804597701,
			"y" : 0.416075650118203,
			"midiNote" : 59
		}
, 		{
			"x" : 0.413793103448276,
			"y" : 0.687943262411348,
			"midiNote" : 43
		}
, 		{
			"x" : 0.222988505747126,
			"y" : 0.515366430260047,
			"midiNote" : 38
		}
, 		{
			"x" : 0.197701149425287,
			"y" : 0.295508274231678,
			"midiNote" : 40
		}
 ]
}
