{
	"numNodes" : 40,
	"config" : [ 		{
			"x" : 0.013793103448276,
			"y" : 0.912529550827423,
			"midiNote" : 36
		}
, 		{
			"x" : 0,
			"y" : 0.893617021276596,
			"midiNote" : 38
		}
, 		{
			"x" : 0,
			"y" : 0.912529550827423,
			"midiNote" : 40
		}
, 		{
			"x" : 0,
			"y" : 0.848699763593381,
			"midiNote" : 41
		}
, 		{
			"x" : 0,
			"y" : 0.891252955082742,
			"midiNote" : 43
		}
, 		{
			"x" : 0,
			"y" : 0.903073286052009,
			"midiNote" : 45
		}
, 		{
			"x" : 0,
			"y" : 0.829787234042553,
			"midiNote" : 0
		}
, 		{
			"x" : 0,
			"y" : 0.919621749408983,
			"midiNote" : 0
		}
, 		{
			"x" : 0,
			"y" : 0.891252955082742,
			"midiNote" : 0
		}
, 		{
			"x" : 0,
			"y" : 0.893617021276596,
			"midiNote" : 0
		}
, 		{
			"x" : 0.016091954022989,
			"y" : 0.893617021276596,
			"midiNote" : 0
		}
, 		{
			"x" : 0,
			"y" : 0.891252955082742,
			"midiNote" : 0
		}
, 		{
			"x" : 0,
			"y" : 0.877068557919622,
			"midiNote" : 0
		}
, 		{
			"x" : 0.004597701149425,
			"y" : 0.881796690307329,
			"midiNote" : 0
		}
, 		{
			"x" : 0,
			"y" : 0.891252955082742,
			"midiNote" : 0
		}
, 		{
			"x" : 0,
			"y" : 0.848699763593381,
			"midiNote" : 0
		}
, 		{
			"x" : 0.009195402298851,
			"y" : 0.888888888888889,
			"midiNote" : 0
		}
, 		{
			"x" : 0,
			"y" : 0.860520094562648,
			"midiNote" : 0
		}
, 		{
			"x" : 0,
			"y" : 0.879432624113475,
			"midiNote" : 0
		}
, 		{
			"x" : 0,
			"y" : 0.919621749408983,
			"midiNote" : 0
		}
, 		{
			"x" : 0,
			"y" : 0.879432624113475,
			"midiNote" : 0
		}
, 		{
			"x" : 0,
			"y" : 0.91016548463357,
			"midiNote" : 0
		}
, 		{
			"x" : 0,
			"y" : 0.877068557919622,
			"midiNote" : 0
		}
, 		{
			"x" : 0.004597701149425,
			"y" : 0.893617021276596,
			"midiNote" : 0
		}
, 		{
			"x" : 0.108045977011494,
			"y" : 0.643026004728132,
			"midiNote" : 0
		}
, 		{
			"x" : 0.147126436781609,
			"y" : 0.408983451536643,
			"midiNote" : 0
		}
, 		{
			"x" : 0.227586206896552,
			"y" : 0.148936170212766,
			"midiNote" : 0
		}
, 		{
			"x" : 0.44367816091954,
			"y" : 0.144208037825059,
			"midiNote" : 0
		}
, 		{
			"x" : 0.627586206896552,
			"y" : 0.151300236406619,
			"midiNote" : 0
		}
, 		{
			"x" : 0.804597701149425,
			"y" : 0.359338061465721,
			"midiNote" : 0
		}
, 		{
			"x" : 0.733333333333333,
			"y" : 0.711583924349882,
			"midiNote" : 0
		}
, 		{
			"x" : 0.422988505747126,
			"y" : 0.964539007092199,
			"midiNote" : 0
		}
, 		{
			"x" : 0.5,
			"y" : 0.5,
			"midiNote" : 0
		}
, 		{
			"x" : 0.5,
			"y" : 0.5,
			"midiNote" : 0
		}
, 		{
			"x" : 0.5,
			"y" : 0.5,
			"midiNote" : 0
		}
, 		{
			"x" : 0.5,
			"y" : 0.5,
			"midiNote" : 0
		}
, 		{
			"x" : 0.5,
			"y" : 0.5,
			"midiNote" : 0
		}
, 		{
			"x" : 0.5,
			"y" : 0.5,
			"midiNote" : 0
		}
, 		{
			"x" : 0.5,
			"y" : 0.5,
			"midiNote" : 0
		}
, 		{
			"x" : 0.5,
			"y" : 0.5,
			"midiNote" : 0
		}
 ]
}
