{
	"numNodes" : 40,
	"config" : [ 		{
			"x" : 0.268965517241379,
			"y" : 0.692671394799054,
			"midiNote" : 55
		}
, 		{
			"x" : 0.2,
			"y" : 0.295508274231678,
			"midiNote" : 54
		}
, 		{
			"x" : 0.266666666666667,
			"y" : 0.375886524822695,
			"midiNote" : 53
		}
, 		{
			"x" : 0.252873563218391,
			"y" : 0.196217494089835,
			"midiNote" : 52
		}
, 		{
			"x" : 0.114942528735632,
			"y" : 0.449172576832151,
			"midiNote" : 51
		}
, 		{
			"x" : 0.280459770114943,
			"y" : 0.260047281323877,
			"midiNote" : 50
		}
, 		{
			"x" : 0.250574712643678,
			"y" : 0.120567375886525,
			"midiNote" : 49
		}
, 		{
			"x" : 0.211494252873563,
			"y" : 0.054373522458629,
			"midiNote" : 48
		}
, 		{
			"x" : 0.248275862068966,
			"y" : 0.624113475177305,
			"midiNote" : 47
		}
, 		{
			"x" : 0.179310344827586,
			"y" : 0.179669030732861,
			"midiNote" : 46
		}
, 		{
			"x" : 0.181609195402299,
			"y" : 0.439716312056738,
			"midiNote" : 45
		}
, 		{
			"x" : 0.202298850574713,
			"y" : 0.548463356973995,
			"midiNote" : 44
		}
, 		{
			"x" : 0.24367816091954,
			"y" : 0.966903073286052,
			"midiNote" : 43
		}
, 		{
			"x" : 0.11264367816092,
			"y" : 0.803782505910166,
			"midiNote" : 42
		}
, 		{
			"x" : 0.225287356321839,
			"y" : 0.782505910165485,
			"midiNote" : 41
		}
, 		{
			"x" : 0.183908045977011,
			"y" : 0.801418439716312,
			"midiNote" : 40
		}
, 		{
			"x" : 0.241379310344828,
			"y" : 0.903073286052009,
			"midiNote" : 39
		}
, 		{
			"x" : 0.271264367816092,
			"y" : 0.539007092198582,
			"midiNote" : 38
		}
, 		{
			"x" : 0.154022988505747,
			"y" : 0.567375886524823,
			"midiNote" : 37
		}
, 		{
			"x" : 0.202298850574713,
			"y" : 0.690307328605201,
			"midiNote" : 36
		}
, 		{
			"x" : 0.052873563218391,
			"y" : 0.056737588652482,
			"midiNote" : 0
		}
, 		{
			"x" : 0.137931034482759,
			"y" : 0.361702127659574,
			"midiNote" : 0
		}
, 		{
			"x" : 0.140229885057471,
			"y" : 0.24113475177305,
			"midiNote" : 0
		}
, 		{
			"x" : 0.282758620689655,
			"y" : 0.695035460992908,
			"midiNote" : 0
		}
, 		{
			"x" : 0.151724137931034,
			"y" : 0.106382978723404,
			"midiNote" : 0
		}
, 		{
			"x" : 0.167816091954023,
			"y" : 0.238770685579196,
			"midiNote" : 0
		}
, 		{
			"x" : 0.262068965517241,
			"y" : 0.432624113475177,
			"midiNote" : 0
		}
, 		{
			"x" : 0.137931034482759,
			"y" : 0.879432624113475,
			"midiNote" : 0
		}
, 		{
			"x" : 0.091954022988506,
			"y" : 0.732860520094563,
			"midiNote" : 0
		}
, 		{
			"x" : 0.045977011494253,
			"y" : 0.817966903073286,
			"midiNote" : 0
		}
, 		{
			"x" : 0.048275862068966,
			"y" : 0.685579196217494,
			"midiNote" : 0
		}
, 		{
			"x" : 0.119540229885057,
			"y" : 0.550827423167849,
			"midiNote" : 0
		}
, 		{
			"x" : 0.050574712643678,
			"y" : 0.543735224586288,
			"midiNote" : 0
		}
, 		{
			"x" : 0.259770114942529,
			"y" : 0.817966903073286,
			"midiNote" : 0
		}
, 		{
			"x" : 0.052873563218391,
			"y" : 0.366430260047281,
			"midiNote" : 0
		}
, 		{
			"x" : 0.158620689655172,
			"y" : 0.869976359338062,
			"midiNote" : 0
		}
, 		{
			"x" : 0.039080459770115,
			"y" : 0.952718676122931,
			"midiNote" : 0
		}
, 		{
			"x" : 0.045977011494253,
			"y" : 0.236406619385343,
			"midiNote" : 0
		}
, 		{
			"x" : 0.032183908045977,
			"y" : 0.709219858156028,
			"midiNote" : 0
		}
, 		{
			"x" : 0.188505747126437,
			"y" : 0.153664302600473,
			"midiNote" : 0
		}
 ]
}
