{
	"numNodes" : 40,
	"config" : [ 		{
			"x" : 0,
			"y" : 1,
			"midiNote" : 0
		}
, 		{
			"x" : 0,
			"y" : 1,
			"midiNote" : 0
		}
, 		{
			"x" : 0,
			"y" : 1,
			"midiNote" : 0
		}
, 		{
			"x" : 0,
			"y" : 1,
			"midiNote" : 0
		}
, 		{
			"x" : 0,
			"y" : 1,
			"midiNote" : 0
		}
, 		{
			"x" : 0,
			"y" : 1,
			"midiNote" : 0
		}
, 		{
			"x" : 0,
			"y" : 1,
			"midiNote" : 0
		}
, 		{
			"x" : 0,
			"y" : 1,
			"midiNote" : 0
		}
, 		{
			"x" : 0,
			"y" : 1,
			"midiNote" : 0
		}
, 		{
			"x" : 0,
			"y" : 1,
			"midiNote" : 0
		}
, 		{
			"x" : 0,
			"y" : 1,
			"midiNote" : 0
		}
, 		{
			"x" : 0,
			"y" : 1,
			"midiNote" : 0
		}
, 		{
			"x" : 0,
			"y" : 0.945626477541371,
			"midiNote" : 0
		}
, 		{
			"x" : 0,
			"y" : 1,
			"midiNote" : 0
		}
, 		{
			"x" : 0,
			"y" : 1,
			"midiNote" : 0
		}
, 		{
			"x" : 0,
			"y" : 1,
			"midiNote" : 0
		}
, 		{
			"x" : 0,
			"y" : 1,
			"midiNote" : 0
		}
, 		{
			"x" : 0,
			"y" : 1,
			"midiNote" : 0
		}
, 		{
			"x" : 0,
			"y" : 1,
			"midiNote" : 0
		}
, 		{
			"x" : 0,
			"y" : 1,
			"midiNote" : 0
		}
, 		{
			"x" : 0,
			"y" : 1,
			"midiNote" : 0
		}
, 		{
			"x" : 0,
			"y" : 1,
			"midiNote" : 0
		}
, 		{
			"x" : 0,
			"y" : 0.997635933806147,
			"midiNote" : 0
		}
, 		{
			"x" : 0,
			"y" : 1,
			"midiNote" : 0
		}
, 		{
			"x" : 0.671264367816092,
			"y" : 0.1725768321513,
			"midiNote" : 60
		}
, 		{
			"x" : 0.632183908045977,
			"y" : 0.347517730496454,
			"midiNote" : 50
		}
, 		{
			"x" : 0.827586206896552,
			"y" : 0.508274231678487,
			"midiNote" : 52
		}
, 		{
			"x" : 0.648275862068965,
			"y" : 0.680851063829787,
			"midiNote" : 36
		}
, 		{
			"x" : 0.726436781609195,
			"y" : 0.848699763593381,
			"midiNote" : 48
		}
, 		{
			"x" : 0.475862068965517,
			"y" : 0.167848699763593,
			"midiNote" : 37
		}
, 		{
			"x" : 0.452873563218391,
			"y" : 0.404255319148936,
			"midiNote" : 55
		}
, 		{
			"x" : 0.308045977011494,
			"y" : 0.189125295508274,
			"midiNote" : 47
		}
, 		{
			"x" : 0.144827586206897,
			"y" : 0.300236406619385,
			"midiNote" : 41
		}
, 		{
			"x" : 0.574712643678161,
			"y" : 0.787234042553192,
			"midiNote" : 45
		}
, 		{
			"x" : 0.501149425287356,
			"y" : 0.678486997635934,
			"midiNote" : 53
		}
, 		{
			"x" : 0.35632183908046,
			"y" : 0.716312056737589,
			"midiNote" : 57
		}
, 		{
			"x" : 0.388505747126437,
			"y" : 0.304964539007092,
			"midiNote" : 59
		}
, 		{
			"x" : 0.213793103448276,
			"y" : 0.529550827423168,
			"midiNote" : 43
		}
, 		{
			"x" : 0.393103448275862,
			"y" : 0.555555555555556,
			"midiNote" : 38
		}
, 		{
			"x" : 0.151724137931034,
			"y" : 0.732860520094563,
			"midiNote" : 40
		}
 ]
}
