{
	"numNodes" : 40,
	"config" : [ 		{
			"x" : 0.013793103448276,
			"y" : 0.912529550827423,
			"midiNote" : 36
		}
, 		{
			"x" : 0,
			"y" : 0.893617021276596,
			"midiNote" : 38
		}
, 		{
			"x" : 0,
			"y" : 0.912529550827423,
			"midiNote" : 40
		}
, 		{
			"x" : 0,
			"y" : 0.848699763593381,
			"midiNote" : 41
		}
, 		{
			"x" : 0,
			"y" : 0.891252955082742,
			"midiNote" : 43
		}
, 		{
			"x" : 0,
			"y" : 0.903073286052009,
			"midiNote" : 45
		}
, 		{
			"x" : 0,
			"y" : 0.829787234042553,
			"midiNote" : 0
		}
, 		{
			"x" : 0,
			"y" : 0.919621749408983,
			"midiNote" : 0
		}
, 		{
			"x" : 0,
			"y" : 0.891252955082742,
			"midiNote" : 0
		}
, 		{
			"x" : 0,
			"y" : 0.893617021276596,
			"midiNote" : 0
		}
, 		{
			"x" : 0.016091954022989,
			"y" : 0.893617021276596,
			"midiNote" : 0
		}
, 		{
			"x" : 0,
			"y" : 0.891252955082742,
			"midiNote" : 0
		}
, 		{
			"x" : 0,
			"y" : 0.877068557919622,
			"midiNote" : 0
		}
, 		{
			"x" : 0.004597701149425,
			"y" : 0.881796690307329,
			"midiNote" : 0
		}
, 		{
			"x" : 0,
			"y" : 0.891252955082742,
			"midiNote" : 0
		}
, 		{
			"x" : 0,
			"y" : 0.848699763593381,
			"midiNote" : 0
		}
, 		{
			"x" : 0.009195402298851,
			"y" : 0.888888888888889,
			"midiNote" : 0
		}
, 		{
			"x" : 0,
			"y" : 0.860520094562648,
			"midiNote" : 0
		}
, 		{
			"x" : 0,
			"y" : 0.879432624113475,
			"midiNote" : 0
		}
, 		{
			"x" : 0,
			"y" : 0.919621749408983,
			"midiNote" : 0
		}
, 		{
			"x" : 0,
			"y" : 0.879432624113475,
			"midiNote" : 0
		}
, 		{
			"x" : 0,
			"y" : 0.91016548463357,
			"midiNote" : 0
		}
, 		{
			"x" : 0,
			"y" : 0.877068557919622,
			"midiNote" : 0
		}
, 		{
			"x" : 0.004597701149425,
			"y" : 0.893617021276596,
			"midiNote" : 0
		}
, 		{
			"x" : 0.44367816091954,
			"y" : 0.134751773049645,
			"midiNote" : 0
		}
, 		{
			"x" : 0.668965517241379,
			"y" : 0.198581560283688,
			"midiNote" : 0
		}
, 		{
			"x" : 0.786206896551724,
			"y" : 0.359338061465721,
			"midiNote" : 0
		}
, 		{
			"x" : 0.710344827586207,
			"y" : 0.737588652482269,
			"midiNote" : 0
		}
, 		{
			"x" : 0.349425287356322,
			"y" : 0.756501182033097,
			"midiNote" : 0
		}
, 		{
			"x" : 0.24367816091954,
			"y" : 0.919621749408983,
			"midiNote" : 0
		}
, 		{
			"x" : 0.131034482758621,
			"y" : 0.647754137115839,
			"midiNote" : 0
		}
, 		{
			"x" : 0.137931034482759,
			"y" : 0.252955082742317,
			"midiNote" : 0
		}
, 		{
			"x" : 0.5,
			"y" : 0.5,
			"midiNote" : 0
		}
, 		{
			"x" : 0.5,
			"y" : 0.5,
			"midiNote" : 0
		}
, 		{
			"x" : 0.5,
			"y" : 0.5,
			"midiNote" : 0
		}
, 		{
			"x" : 0.5,
			"y" : 0.5,
			"midiNote" : 0
		}
, 		{
			"x" : 0.5,
			"y" : 0.5,
			"midiNote" : 0
		}
, 		{
			"x" : 0.5,
			"y" : 0.5,
			"midiNote" : 0
		}
, 		{
			"x" : 0.5,
			"y" : 0.5,
			"midiNote" : 0
		}
, 		{
			"x" : 0.5,
			"y" : 0.5,
			"midiNote" : 0
		}
 ]
}
