{
	"numNodes" : 40,
	"config" : [ 		{
			"x" : 0.013793103448276,
			"y" : 0.912529550827423,
			"midiNote" : 0
		}
, 		{
			"x" : 0,
			"y" : 0.893617021276596,
			"midiNote" : 0
		}
, 		{
			"x" : 0,
			"y" : 0.912529550827423,
			"midiNote" : 0
		}
, 		{
			"x" : 0,
			"y" : 0.848699763593381,
			"midiNote" : 0
		}
, 		{
			"x" : 0,
			"y" : 0.891252955082742,
			"midiNote" : 0
		}
, 		{
			"x" : 0,
			"y" : 0.903073286052009,
			"midiNote" : 0
		}
, 		{
			"x" : 0,
			"y" : 0.829787234042553,
			"midiNote" : 0
		}
, 		{
			"x" : 0,
			"y" : 0.919621749408983,
			"midiNote" : 0
		}
, 		{
			"x" : 0,
			"y" : 0.891252955082742,
			"midiNote" : 0
		}
, 		{
			"x" : 0,
			"y" : 0.893617021276596,
			"midiNote" : 0
		}
, 		{
			"x" : 0.016091954022989,
			"y" : 0.893617021276596,
			"midiNote" : 0
		}
, 		{
			"x" : 0,
			"y" : 0.891252955082742,
			"midiNote" : 0
		}
, 		{
			"x" : 0,
			"y" : 0.877068557919622,
			"midiNote" : 0
		}
, 		{
			"x" : 0.004597701149425,
			"y" : 0.881796690307329,
			"midiNote" : 0
		}
, 		{
			"x" : 0,
			"y" : 0.891252955082742,
			"midiNote" : 0
		}
, 		{
			"x" : 0,
			"y" : 0.848699763593381,
			"midiNote" : 0
		}
, 		{
			"x" : 0.009195402298851,
			"y" : 0.888888888888889,
			"midiNote" : 0
		}
, 		{
			"x" : 0,
			"y" : 0.860520094562648,
			"midiNote" : 0
		}
, 		{
			"x" : 0,
			"y" : 0.879432624113475,
			"midiNote" : 0
		}
, 		{
			"x" : 0,
			"y" : 0.919621749408983,
			"midiNote" : 0
		}
, 		{
			"x" : 0,
			"y" : 0.879432624113475,
			"midiNote" : 0
		}
, 		{
			"x" : 0,
			"y" : 0.91016548463357,
			"midiNote" : 0
		}
, 		{
			"x" : 0,
			"y" : 0.877068557919622,
			"midiNote" : 0
		}
, 		{
			"x" : 0.004597701149425,
			"y" : 0.893617021276596,
			"midiNote" : 0
		}
, 		{
			"x" : 0.151724137931034,
			"y" : 0.456264775413712,
			"midiNote" : 36
		}
, 		{
			"x" : 0.898850574712644,
			"y" : 0.307328605200946,
			"midiNote" : 38
		}
, 		{
			"x" : 0.717241379310345,
			"y" : 0.219858156028369,
			"midiNote" : 41
		}
, 		{
			"x" : 0.445977011494253,
			"y" : 0.182033096926714,
			"midiNote" : 43
		}
, 		{
			"x" : 0.533333333333333,
			"y" : 0.832151300236407,
			"midiNote" : 40
		}
, 		{
			"x" : 0.588505747126437,
			"y" : 0.375886524822695,
			"midiNote" : 45
		}
, 		{
			"x" : 0.335632183908046,
			"y" : 0.378250591016548,
			"midiNote" : 0
		}
, 		{
			"x" : 0,
			"y" : 0.914893617021277,
			"midiNote" : 0
		}
, 		{
			"x" : 0.5,
			"y" : 0.5,
			"midiNote" : 0
		}
, 		{
			"x" : 0.5,
			"y" : 0.5,
			"midiNote" : 0
		}
, 		{
			"x" : 0.5,
			"y" : 0.5,
			"midiNote" : 0
		}
, 		{
			"x" : 0.5,
			"y" : 0.5,
			"midiNote" : 0
		}
, 		{
			"x" : 0.5,
			"y" : 0.5,
			"midiNote" : 0
		}
, 		{
			"x" : 0.5,
			"y" : 0.5,
			"midiNote" : 0
		}
, 		{
			"x" : 0.5,
			"y" : 0.5,
			"midiNote" : 0
		}
, 		{
			"x" : 0.5,
			"y" : 0.5,
			"midiNote" : 0
		}
 ]
}
