{
	"numNodes" : 40,
	"config" : [ 		{
			"x" : 0.133333333333333,
			"y" : 0.224586288416076,
			"midiNote" : 36
		}
, 		{
			"x" : 0.137931034482759,
			"y" : 0.678486997635934,
			"midiNote" : 40
		}
, 		{
			"x" : 0.137931034482759,
			"y" : 0.446808510638298,
			"midiNote" : 38
		}
, 		{
			"x" : 0.473563218390805,
			"y" : 0.092198581560284,
			"midiNote" : 0
		}
, 		{
			"x" : 0.462068965517241,
			"y" : 0.846335697399527,
			"midiNote" : 42
		}
, 		{
			"x" : 0.848275862068966,
			"y" : 0.24822695035461,
			"midiNote" : 45
		}
, 		{
			"x" : 0.873563218390805,
			"y" : 0.437352245862884,
			"midiNote" : 43
		}
, 		{
			"x" : 0.873563218390805,
			"y" : 0.640661938534279,
			"midiNote" : 41
		}
, 		{
			"x" : 0.901149425287356,
			"y" : 0.945626477541371,
			"midiNote" : 48
		}
, 		{
			"x" : 0,
			"y" : 0.016548463356974,
			"midiNote" : 0
		}
, 		{
			"x" : 0,
			"y" : 0,
			"midiNote" : 0
		}
, 		{
			"x" : 0,
			"y" : 0,
			"midiNote" : 0
		}
, 		{
			"x" : 0,
			"y" : 0,
			"midiNote" : 0
		}
, 		{
			"x" : 0,
			"y" : 0,
			"midiNote" : 0
		}
, 		{
			"x" : 0,
			"y" : 0.018912529550827,
			"midiNote" : 0
		}
, 		{
			"x" : 0,
			"y" : 0,
			"midiNote" : 0
		}
, 		{
			"x" : 0,
			"y" : 0,
			"midiNote" : 0
		}
, 		{
			"x" : 0,
			"y" : 0,
			"midiNote" : 0
		}
, 		{
			"x" : 0,
			"y" : 0,
			"midiNote" : 0
		}
, 		{
			"x" : 0.03448275862069,
			"y" : 0.023640661938534,
			"midiNote" : 0
		}
, 		{
			"x" : 0.032183908045977,
			"y" : 0.018912529550827,
			"midiNote" : 0
		}
, 		{
			"x" : 0.009195402298851,
			"y" : 0,
			"midiNote" : 0
		}
, 		{
			"x" : 0.020689655172414,
			"y" : 0,
			"midiNote" : 0
		}
, 		{
			"x" : 0,
			"y" : 0,
			"midiNote" : 0
		}
, 		{
			"x" : 0,
			"y" : 0,
			"midiNote" : 0
		}
, 		{
			"x" : 0.002298850574713,
			"y" : 0.021276595744681,
			"midiNote" : 0
		}
, 		{
			"x" : 0,
			"y" : 0,
			"midiNote" : 0
		}
, 		{
			"x" : 0.020689655172414,
			"y" : 0.011820330969267,
			"midiNote" : 0
		}
, 		{
			"x" : 0.025287356321839,
			"y" : 0.009456264775414,
			"midiNote" : 0
		}
, 		{
			"x" : 0.025287356321839,
			"y" : 0,
			"midiNote" : 0
		}
, 		{
			"x" : 0,
			"y" : 0,
			"midiNote" : 0
		}
, 		{
			"x" : 0.025287356321839,
			"y" : 0.016548463356974,
			"midiNote" : 0
		}
, 		{
			"x" : 0.018390804597701,
			"y" : 0.004728132387707,
			"midiNote" : 0
		}
, 		{
			"x" : 0,
			"y" : 0.033096926713948,
			"midiNote" : 0
		}
, 		{
			"x" : 0.055172413793103,
			"y" : 0.028368794326241,
			"midiNote" : 0
		}
, 		{
			"x" : 0,
			"y" : 0.004728132387707,
			"midiNote" : 0
		}
, 		{
			"x" : 0,
			"y" : 0,
			"midiNote" : 0
		}
, 		{
			"x" : 0.025287356321839,
			"y" : 0,
			"midiNote" : 0
		}
, 		{
			"x" : 0.036781609195402,
			"y" : 0,
			"midiNote" : 0
		}
, 		{
			"x" : 0.022988505747126,
			"y" : 0.009456264775414,
			"midiNote" : 0
		}
 ]
}
