{
	"numNodes" : 40,
	"config" : [ 		{
			"x" : 0.508045977011494,
			"y" : 1,
			"midiNote" : 0
		}
, 		{
			"x" : 0.514942528735632,
			"y" : 1,
			"midiNote" : 0
		}
, 		{
			"x" : 0.519540229885057,
			"y" : 1,
			"midiNote" : 0
		}
, 		{
			"x" : 0.517241379310345,
			"y" : 1,
			"midiNote" : 0
		}
, 		{
			"x" : 0.524137931034483,
			"y" : 1,
			"midiNote" : 0
		}
, 		{
			"x" : 0.533333333333333,
			"y" : 1,
			"midiNote" : 0
		}
, 		{
			"x" : 0.528735632183908,
			"y" : 1,
			"midiNote" : 0
		}
, 		{
			"x" : 0.512643678160919,
			"y" : 1,
			"midiNote" : 0
		}
, 		{
			"x" : 0.512643678160919,
			"y" : 1,
			"midiNote" : 0
		}
, 		{
			"x" : 0.52183908045977,
			"y" : 1,
			"midiNote" : 0
		}
, 		{
			"x" : 0.519540229885057,
			"y" : 1,
			"midiNote" : 0
		}
, 		{
			"x" : 0.528735632183908,
			"y" : 1,
			"midiNote" : 0
		}
, 		{
			"x" : 0.524137931034483,
			"y" : 1,
			"midiNote" : 0
		}
, 		{
			"x" : 0.533333333333333,
			"y" : 1,
			"midiNote" : 0
		}
, 		{
			"x" : 0.524137931034483,
			"y" : 1,
			"midiNote" : 0
		}
, 		{
			"x" : 0.514942528735632,
			"y" : 0.997635933806147,
			"midiNote" : 0
		}
, 		{
			"x" : 0.514942528735632,
			"y" : 1,
			"midiNote" : 0
		}
, 		{
			"x" : 0.52183908045977,
			"y" : 1,
			"midiNote" : 0
		}
, 		{
			"x" : 0.512643678160919,
			"y" : 1,
			"midiNote" : 0
		}
, 		{
			"x" : 0.517241379310345,
			"y" : 1,
			"midiNote" : 0
		}
, 		{
			"x" : 0.519540229885057,
			"y" : 1,
			"midiNote" : 0
		}
, 		{
			"x" : 0.526436781609195,
			"y" : 1,
			"midiNote" : 0
		}
, 		{
			"x" : 0.512643678160919,
			"y" : 1,
			"midiNote" : 0
		}
, 		{
			"x" : 0.535632183908046,
			"y" : 1,
			"midiNote" : 0
		}
, 		{
			"x" : 0.535632183908046,
			"y" : 0.120567375886525,
			"midiNote" : 0
		}
, 		{
			"x" : 0.91264367816092,
			"y" : 0.134751773049645,
			"midiNote" : 0
		}
, 		{
			"x" : 0.937931034482759,
			"y" : 0.936170212765957,
			"midiNote" : 0
		}
, 		{
			"x" : 0.262068965517241,
			"y" : 0.947990543735225,
			"midiNote" : 0
		}
, 		{
			"x" : 0.094252873563218,
			"y" : 0.794326241134752,
			"midiNote" : 0
		}
, 		{
			"x" : 0.059770114942529,
			"y" : 0.574468085106383,
			"midiNote" : 0
		}
, 		{
			"x" : 0.07816091954023,
			"y" : 0.276595744680851,
			"midiNote" : 0
		}
, 		{
			"x" : 0.248275862068966,
			"y" : 0.078014184397163,
			"midiNote" : 0
		}
, 		{
			"x" : 0.5,
			"y" : 0.5,
			"midiNote" : 0
		}
, 		{
			"x" : 0.5,
			"y" : 0.5,
			"midiNote" : 0
		}
, 		{
			"x" : 0.5,
			"y" : 0.5,
			"midiNote" : 0
		}
, 		{
			"x" : 0.5,
			"y" : 0.5,
			"midiNote" : 0
		}
, 		{
			"x" : 0.5,
			"y" : 0.5,
			"midiNote" : 0
		}
, 		{
			"x" : 0.5,
			"y" : 0.5,
			"midiNote" : 0
		}
, 		{
			"x" : 0.5,
			"y" : 0.5,
			"midiNote" : 0
		}
, 		{
			"x" : 0.5,
			"y" : 0.5,
			"midiNote" : 0
		}
 ]
}
