{
	"numNodes" : 40,
	"config" : [ 		{
			"x" : 0.103448275862069,
			"y" : 0.392434988179669,
			"midiNote" : 36
		}
, 		{
			"x" : 0.098850574712644,
			"y" : 0.527186761229314,
			"midiNote" : 38
		}
, 		{
			"x" : 0.128735632183908,
			"y" : 0.666666666666667,
			"midiNote" : 40
		}
, 		{
			"x" : 0.209195402298851,
			"y" : 0.806146572104019,
			"midiNote" : 41
		}
, 		{
			"x" : 0.337931034482759,
			"y" : 0.877068557919622,
			"midiNote" : 43
		}
, 		{
			"x" : 0.703448275862069,
			"y" : 0.862884160756501,
			"midiNote" : 45
		}
, 		{
			"x" : 0.813793103448276,
			"y" : 0.732860520094563,
			"midiNote" : 47
		}
, 		{
			"x" : 0.905747126436782,
			"y" : 0.595744680851064,
			"midiNote" : 48
		}
, 		{
			"x" : 0.92183908045977,
			"y" : 0.444444444444444,
			"midiNote" : 50
		}
, 		{
			"x" : 0.202298850574713,
			"y" : 0.016548463356974,
			"midiNote" : 52
		}
, 		{
			"x" : 0.901149425287356,
			"y" : 0.047281323877069,
			"midiNote" : 0
		}
, 		{
			"x" : 0.960919540229885,
			"y" : 0.021276595744681,
			"midiNote" : 0
		}
, 		{
			"x" : 0.951724137931034,
			"y" : 0.061465721040189,
			"midiNote" : 0
		}
, 		{
			"x" : 0.940229885057471,
			"y" : 0.052009456264775,
			"midiNote" : 0
		}
, 		{
			"x" : 0.928735632183908,
			"y" : 0.033096926713948,
			"midiNote" : 0
		}
, 		{
			"x" : 0.905747126436782,
			"y" : 0.009456264775414,
			"midiNote" : 0
		}
, 		{
			"x" : 0.871264367816092,
			"y" : 0.037825059101655,
			"midiNote" : 0
		}
, 		{
			"x" : 0.944827586206897,
			"y" : 0.042553191489362,
			"midiNote" : 0
		}
, 		{
			"x" : 0.92183908045977,
			"y" : 0.030732860520095,
			"midiNote" : 0
		}
, 		{
			"x" : 0.880459770114942,
			"y" : 0.052009456264775,
			"midiNote" : 0
		}
, 		{
			"x" : 0.931034482758621,
			"y" : 0.016548463356974,
			"midiNote" : 0
		}
, 		{
			"x" : 0.818390804597701,
			"y" : 0.021276595744681,
			"midiNote" : 0
		}
, 		{
			"x" : 0.864367816091954,
			"y" : 0.030732860520095,
			"midiNote" : 0
		}
, 		{
			"x" : 0.857471264367816,
			"y" : 0.035460992907801,
			"midiNote" : 0
		}
, 		{
			"x" : 0.84367816091954,
			"y" : 0.00709219858156,
			"midiNote" : 0
		}
, 		{
			"x" : 0.829885057471264,
			"y" : 0.00709219858156,
			"midiNote" : 0
		}
, 		{
			"x" : 0.83448275862069,
			"y" : 0.042553191489362,
			"midiNote" : 0
		}
, 		{
			"x" : 0.91264367816092,
			"y" : 0.014184397163121,
			"midiNote" : 0
		}
, 		{
			"x" : 0.882758620689655,
			"y" : 0.023640661938534,
			"midiNote" : 0
		}
, 		{
			"x" : 0.822988505747126,
			"y" : 0.061465721040189,
			"midiNote" : 0
		}
, 		{
			"x" : 0.859770114942529,
			"y" : 0.023640661938534,
			"midiNote" : 0
		}
, 		{
			"x" : 0.87816091954023,
			"y" : 0.07565011820331,
			"midiNote" : 0
		}
, 		{
			"x" : 0.91264367816092,
			"y" : 0.028368794326241,
			"midiNote" : 0
		}
, 		{
			"x" : 0.880459770114942,
			"y" : 0.016548463356974,
			"midiNote" : 0
		}
, 		{
			"x" : 0.905747126436782,
			"y" : 0.049645390070922,
			"midiNote" : 0
		}
, 		{
			"x" : 0.896551724137931,
			"y" : 0.026004728132388,
			"midiNote" : 0
		}
, 		{
			"x" : 0.836781609195402,
			"y" : 0.042553191489362,
			"midiNote" : 0
		}
, 		{
			"x" : 0.868965517241379,
			"y" : 0.014184397163121,
			"midiNote" : 0
		}
, 		{
			"x" : 0.839080459770115,
			"y" : 0.054373522458629,
			"midiNote" : 0
		}
, 		{
			"x" : 0.864367816091954,
			"y" : 0.037825059101655,
			"midiNote" : 0
		}
 ]
}
