{
	"numNodes" : 40,
	"config" : [ 		{
			"x" : 0.2,
			"y" : 0.215130023640662,
			"midiNote" : 36
		}
, 		{
			"x" : 0.347126436781609,
			"y" : 0.203309692671395,
			"midiNote" : 38
		}
, 		{
			"x" : 0.514942528735632,
			"y" : 0.215130023640662,
			"midiNote" : 40
		}
, 		{
			"x" : 0.641379310344828,
			"y" : 0.236406619385343,
			"midiNote" : 41
		}
, 		{
			"x" : 0.76551724137931,
			"y" : 0.300236406619385,
			"midiNote" : 43
		}
, 		{
			"x" : 0.820689655172414,
			"y" : 0.394799054373522,
			"midiNote" : 45
		}
, 		{
			"x" : 0.832183908045977,
			"y" : 0.529550827423168,
			"midiNote" : 47
		}
, 		{
			"x" : 0.786206896551724,
			"y" : 0.697399527186761,
			"midiNote" : 48
		}
, 		{
			"x" : 0.144827586206897,
			"y" : 0.434988179669031,
			"midiNote" : 50
		}
, 		{
			"x" : 0.124137931034483,
			"y" : 0.640661938534279,
			"midiNote" : 52
		}
, 		{
			"x" : 0.5,
			"y" : 0.5,
			"midiNote" : 0
		}
, 		{
			"x" : 0.5,
			"y" : 0.5,
			"midiNote" : 0
		}
, 		{
			"x" : 0.5,
			"y" : 0.5,
			"midiNote" : 0
		}
, 		{
			"x" : 0.5,
			"y" : 0.5,
			"midiNote" : 0
		}
, 		{
			"x" : 0.5,
			"y" : 0.5,
			"midiNote" : 0
		}
, 		{
			"x" : 0.5,
			"y" : 0.5,
			"midiNote" : 0
		}
, 		{
			"x" : 0.5,
			"y" : 0.5,
			"midiNote" : 0
		}
, 		{
			"x" : 0.5,
			"y" : 0.5,
			"midiNote" : 0
		}
, 		{
			"x" : 0.5,
			"y" : 0.5,
			"midiNote" : 0
		}
, 		{
			"x" : 0.5,
			"y" : 0.5,
			"midiNote" : 0
		}
, 		{
			"x" : 0.5,
			"y" : 0.5,
			"midiNote" : 0
		}
, 		{
			"x" : 0.5,
			"y" : 0.5,
			"midiNote" : 0
		}
, 		{
			"x" : 0.5,
			"y" : 0.5,
			"midiNote" : 0
		}
, 		{
			"x" : 0.5,
			"y" : 0.5,
			"midiNote" : 0
		}
, 		{
			"x" : 0.5,
			"y" : 0.5,
			"midiNote" : 0
		}
, 		{
			"x" : 0.5,
			"y" : 0.5,
			"midiNote" : 0
		}
, 		{
			"x" : 0.5,
			"y" : 0.5,
			"midiNote" : 0
		}
, 		{
			"x" : 0.5,
			"y" : 0.5,
			"midiNote" : 0
		}
, 		{
			"x" : 0.5,
			"y" : 0.5,
			"midiNote" : 0
		}
, 		{
			"x" : 0.5,
			"y" : 0.5,
			"midiNote" : 0
		}
, 		{
			"x" : 0.5,
			"y" : 0.5,
			"midiNote" : 0
		}
, 		{
			"x" : 0.5,
			"y" : 0.5,
			"midiNote" : 0
		}
, 		{
			"x" : 0.5,
			"y" : 0.5,
			"midiNote" : 0
		}
, 		{
			"x" : 0.5,
			"y" : 0.5,
			"midiNote" : 0
		}
, 		{
			"x" : 0.5,
			"y" : 0.5,
			"midiNote" : 0
		}
, 		{
			"x" : 0.5,
			"y" : 0.5,
			"midiNote" : 0
		}
, 		{
			"x" : 0.5,
			"y" : 0.5,
			"midiNote" : 0
		}
, 		{
			"x" : 0.5,
			"y" : 0.5,
			"midiNote" : 0
		}
, 		{
			"x" : 0.5,
			"y" : 0.5,
			"midiNote" : 0
		}
, 		{
			"x" : 0.5,
			"y" : 0.5,
			"midiNote" : 0
		}
 ]
}
